"","State","City","0.001","0.005","0.1","0.2","0.4","0.5","0.6","0.8","1.0","1.2","1.4","1.6","1.8","2.0","2.5","3.0","Grupo_menor","Grupo_maior","Grupo"
"1","SP","ADAMANTINA",30,30,30,29,28,30,28,29,28,29,28,27,28,29,28,28,"Medium Risk","Medium Risk","Medium Risk"
"2","SP","ADOLFO",35,35,35,34,33,35,33,34,33,34,33,32,33,34,33,32,"Low Risk","Low Risk","Low Risk"
"3","SP","AGUAÍ",26,26,26,25,24,26,24,25,24,25,24,23,24,24,24,23,"Medium Risk","Medium Risk","Medium Risk"
"4","SP","ÁGUAS DA PRATA",29,29,29,28,27,29,27,29,27,29,27,27,28,28,28,27,"Medium Risk","Medium Risk","Medium Risk"
"5","SP","ÁGUAS DE LINDÓIA",23,23,23,22,21,23,21,23,21,23,22,21,22,23,22,22,"Medium Risk","Medium Risk","Medium Risk"
"6","SP","ÁGUAS DE SANTA BÁRBARA",25,26,26,25,24,26,24,26,24,26,24,24,25,26,25,25,"Medium Risk","Medium Risk","Medium Risk"
"7","SP","ÁGUAS DE SÃO PEDRO",27,28,28,27,26,28,26,28,26,28,26,26,27,28,27,27,"Medium Risk","Medium Risk","Medium Risk"
"8","SP","AGUDOS",26,26,26,25,24,26,24,25,23,25,23,23,24,24,24,23,"Medium Risk","Medium Risk","Medium Risk"
"9","SP","ALAMBARI",26,27,27,26,25,27,25,26,25,26,25,24,25,26,25,25,"Medium Risk","Medium Risk","Medium Risk"
"10","SP","ALFREDO MARCONDES",36,37,37,36,35,36,34,35,34,35,33,33,33,34,33,33,"Low Risk","Low Risk","Low Risk"
"11","SP","ALTAIR",36,38,37,36,35,36,34,35,33,35,33,32,33,34,33,32,"Low Risk","Low Risk","Low Risk"
"12","SP","ALTINÓPOLIS",34,34,34,33,32,33,31,32,30,31,30,29,30,30,30,29,"Low Risk","Low Risk","Low Risk"
"13","SP","ALTO ALEGRE",36,39,39,38,36,37,36,37,35,36,35,34,35,35,35,34,"Low Risk","Low Risk","Low Risk"
"14","SP","ALUMÍNIO",23,23,23,22,21,22,20,22,20,21,20,19,20,20,20,19,"Medium Risk","Medium Risk","Medium Risk"
"15","SP","ÁLVARES FLORENCE",36,41,42,40,38,39,37,37,35,37,35,34,35,35,34,34,"Low Risk","Low Risk","Low Risk"
"16","SP","ÁLVARES MACHADO",30,30,30,29,28,29,27,28,27,28,27,26,27,27,27,26,"Medium Risk","Medium Risk","Medium Risk"
"17","SP","ÁLVARO DE CARVALHO",36,36,36,35,34,35,34,35,33,34,33,32,33,34,33,32,"Low Risk","Low Risk","Low Risk"
"18","SP","ALVINLÂNDIA",36,41,42,41,38,39,37,38,36,37,35,34,35,35,34,33,"Low Risk","Low Risk","Low Risk"
"19","SP","AMERICANA",17,17,17,17,16,17,15,16,15,16,15,14,15,16,15,15,"High Risk","High Risk","High Risk"
"20","SP","AMÉRICO BRASILIENSE",30,30,30,29,27,28,27,28,26,27,25,25,25,26,25,24,"Medium Risk","Medium Risk","Medium Risk"
"21","SP","AMÉRICO DE CAMPOS",36,37,37,36,35,36,34,35,34,35,33,33,33,34,33,33,"Low Risk","Low Risk","Low Risk"
"22","SP","AMPARO",21,22,22,21,20,21,20,21,19,21,19,19,20,20,20,19,"Medium Risk","Medium Risk","Medium Risk"
"23","SP","ANALÂNDIA",29,30,30,29,28,29,28,29,27,29,27,27,27,28,27,27,"Medium Risk","Medium Risk","Medium Risk"
"24","SP","ANDRADINA",29,29,29,28,27,29,27,28,27,28,27,26,27,28,27,27,"Medium Risk","Medium Risk","Medium Risk"
"25","SP","ANGATUBA",26,27,27,26,25,26,25,26,24,25,24,24,24,25,24,23,"Medium Risk","Medium Risk","Medium Risk"
"26","SP","ANHEMBI",30,30,30,29,28,29,27,29,27,28,27,26,27,28,27,26,"Medium Risk","Medium Risk","Medium Risk"
"27","SP","ANHUMAS",36,36,36,35,34,35,34,35,33,34,33,32,33,34,33,32,"Low Risk","Low Risk","Low Risk"
"28","SP","APARECIDA",18,18,18,17,17,18,17,18,16,18,17,16,17,18,17,17,"High Risk","High Risk","High Risk"
"29","SP","APARECIDA D'OESTE",36,41,42,43,41,42,40,40,38,39,37,37,37,38,37,36,"Low Risk","Low Risk","Low Risk"
"30","SP","APIAÍ",31,31,31,30,29,30,29,30,28,30,28,28,28,29,28,28,"Medium Risk","Medium Risk","Medium Risk"
"31","SP","ARAÇARIGUAMA",15,16,16,15,14,16,14,15,14,15,14,14,15,15,15,15,"High Risk","High Risk","High Risk"
"32","SP","ARAÇATUBA",23,23,23,22,21,23,21,23,21,22,21,21,21,22,22,21,"Medium Risk","Medium Risk","Medium Risk"
"33","SP","ARAÇOIABA DA SERRA",21,21,21,20,19,21,19,21,19,20,19,19,19,20,19,19,"High Risk","Medium Risk","Medium Risk"
"34","SP","ARAMINA",29,29,29,28,28,29,28,29,27,29,28,27,28,29,29,28,"Medium Risk","Medium Risk","Medium Risk"
"35","SP","ARANDU",31,31,31,30,29,30,29,30,28,29,28,27,28,29,28,27,"Medium Risk","Medium Risk","Medium Risk"
"36","SP","ARAPEÍ",36,37,37,36,35,36,35,36,34,35,34,33,34,35,34,33,"Low Risk","Low Risk","Low Risk"
"37","SP","ARARAQUARA",19,20,20,19,18,20,18,19,18,19,18,17,18,19,18,18,"High Risk","High Risk","High Risk"
"38","SP","ARARAS",20,20,20,20,19,20,18,20,18,19,18,18,18,19,18,18,"High Risk","High Risk","High Risk"
"39","SP","ARCO-ÍRIS",36,41,42,44,42,43,41,42,40,41,39,38,39,39,38,37,"Low Risk","Low Risk","Low Risk"
"40","SP","AREALVA",36,36,36,34,32,33,32,33,31,32,30,30,30,31,30,29,"Low Risk","Low Risk","Low Risk"
"41","SP","AREIAS",36,40,38,36,33,34,32,33,31,32,30,29,30,31,30,29,"Low Risk","Low Risk","Low Risk"
"42","SP","AREIÓPOLIS",31,32,31,30,29,31,29,30,28,30,28,28,28,29,28,27,"Medium Risk","Medium Risk","Medium Risk"
"43","SP","ARIRANHA",36,39,38,36,34,35,34,34,32,33,32,31,32,32,31,30,"Low Risk","Low Risk","Low Risk"
"44","SP","ARTUR NOGUEIRA",24,24,24,23,22,23,22,23,21,23,21,21,21,22,21,20,"Medium Risk","Medium Risk","Medium Risk"
"45","SP","ARUJÁ",11,12,12,11,10,11,10,11,9,11,10,9,10,11,10,10,"High Risk","High Risk","High Risk"
"46","SP","ASPÁSIA",36,41,42,43,40,41,40,40,38,39,38,37,38,38,37,37,"Low Risk","Low Risk","Low Risk"
"47","SP","ASSIS",24,25,25,24,23,24,23,24,22,24,22,22,23,23,23,22,"Medium Risk","Medium Risk","Medium Risk"
"48","SP","ATIBAIA",12,13,13,12,11,12,11,12,11,12,11,10,11,12,11,11,"High Risk","High Risk","High Risk"
"49","SP","AURIFLAMA",34,34,34,33,32,33,32,33,32,33,31,31,32,32,32,31,"Low Risk","Low Risk","Low Risk"
"50","SP","AVAÍ",33,33,33,32,31,32,30,31,30,31,30,29,30,31,30,29,"Low Risk","Low Risk","Low Risk"
"51","SP","AVANHANDAVA",34,34,34,33,32,33,31,32,31,32,31,30,31,31,31,30,"Low Risk","Low Risk","Low Risk"
"52","SP","AVARÉ",21,22,22,21,20,21,20,21,19,21,20,19,20,21,20,19,"Medium Risk","Medium Risk","Medium Risk"
"53","SP","BADY BASSITT",29,29,29,28,27,28,27,28,26,27,26,26,26,27,26,26,"Medium Risk","Medium Risk","Medium Risk"
"54","SP","BALBINOS",36,36,36,35,34,35,34,35,33,34,33,33,33,34,33,33,"Low Risk","Low Risk","Low Risk"
"55","SP","BÁLSAMO",32,33,33,32,30,32,30,31,29,31,29,29,29,30,29,29,"Low Risk","Low Risk","Low Risk"
"56","SP","BANANAL",31,32,32,31,30,31,30,31,29,31,29,29,30,30,30,29,"Medium Risk","Low Risk","Low Risk"
"57","SP","BARÃO DE ANTONINA",36,36,36,35,34,36,34,35,34,35,34,33,34,34,34,33,"Low Risk","Low Risk","Low Risk"
"58","SP","BARBOSA",36,37,37,36,35,36,34,35,33,35,33,33,33,34,33,32,"Low Risk","Low Risk","Low Risk"
"59","SP","BARIRI",29,29,29,28,27,29,27,28,27,28,27,26,27,27,27,26,"Medium Risk","Medium Risk","Medium Risk"
"60","SP","BARRA BONITA",27,27,27,26,25,27,25,26,25,26,25,24,25,26,25,24,"Medium Risk","Medium Risk","Medium Risk"
"61","SP","BARRA DO CHAPÉU",36,37,37,36,35,36,34,35,34,35,33,33,34,34,33,33,"Low Risk","Low Risk","Low Risk"
"62","SP","BARRA DO TURVO",25,25,25,24,23,25,23,25,23,25,23,23,23,24,24,23,"Medium Risk","Medium Risk","Medium Risk"
"63","SP","BARRETOS",24,25,25,24,23,24,23,24,22,24,22,22,23,23,23,22,"Medium Risk","Medium Risk","Medium Risk"
"64","SP","BARRINHA",31,31,31,30,28,30,28,29,27,29,27,27,27,28,27,26,"Medium Risk","Medium Risk","Medium Risk"
"65","SP","BARUERI",6,6,6,6,5,6,5,6,5,6,5,5,6,7,6,6,"High Risk","High Risk","High Risk"
"66","SP","BASTOS",30,30,30,29,29,30,28,30,28,30,28,28,29,29,29,28,"Medium Risk","Low Risk","Medium Risk"
"67","SP","BATATAIS",27,27,27,26,25,27,25,26,25,26,25,24,25,26,25,24,"Medium Risk","Medium Risk","Medium Risk"
"68","SP","BAURU",19,19,19,18,18,19,17,19,17,18,17,17,17,18,17,17,"High Risk","High Risk","High Risk"
"69","SP","BEBEDOURO",26,27,27,26,25,26,25,26,24,26,24,24,25,25,25,24,"Medium Risk","Medium Risk","Medium Risk"
"70","SP","BENTO DE ABREU",35,35,35,34,33,35,33,34,33,34,33,33,33,34,34,33,"Low Risk","Low Risk","Low Risk"
"71","SP","BERNARDINO DE CAMPOS",31,31,31,30,29,30,29,30,28,29,28,27,28,28,28,27,"Medium Risk","Medium Risk","Medium Risk"
"72","SP","BERTIOGA",15,16,16,15,14,15,14,15,14,15,14,13,14,15,14,14,"High Risk","High Risk","High Risk"
"73","SP","BILAC",34,35,35,34,33,34,32,34,32,33,32,31,32,33,32,32,"Low Risk","Low Risk","Low Risk"
"74","SP","BIRIGUI",26,27,27,26,25,26,25,26,24,26,24,24,24,25,24,24,"Medium Risk","Medium Risk","Medium Risk"
"75","SP","BIRITIBA MIRIM",19,19,19,18,17,19,17,18,17,18,16,16,17,17,17,16,"High Risk","High Risk","High Risk"
"76","SP","BOA ESPERANÇA DO SUL",32,32,32,31,30,31,30,31,29,30,29,28,29,30,29,28,"Medium Risk","Low Risk","Low Risk"
"77","SP","BOCAINA",31,32,32,31,30,31,29,31,29,30,29,28,29,30,29,28,"Medium Risk","Low Risk","Low Risk"
"78","SP","BOFETE",23,24,24,23,22,23,21,23,21,23,21,21,21,22,22,21,"Medium Risk","Medium Risk","Medium Risk"
"79","SP","BOITUVA",18,18,18,17,16,18,16,18,16,18,16,16,16,17,17,16,"High Risk","High Risk","High Risk"
"80","SP","BOM JESUS DOS PERDÕES",20,20,20,19,18,20,18,19,18,19,18,17,18,18,18,17,"High Risk","High Risk","High Risk"
"81","SP","BOM SUCESSO DE ITARARÉ",36,39,39,38,37,38,36,37,36,37,35,35,36,36,35,35,"Low Risk","Low Risk","Low Risk"
"82","SP","BORÁ",36,39,39,38,37,39,37,39,37,38,37,37,37,38,38,37,"Low Risk","Low Risk","Low Risk"
"83","SP","BORACÉIA",36,37,37,36,34,35,34,34,33,34,32,32,32,33,32,31,"Low Risk","Low Risk","Low Risk"
"84","SP","BORBOREMA",31,31,31,30,29,31,29,30,29,30,29,28,29,30,29,28,"Medium Risk","Low Risk","Medium Risk"
"85","SP","BOREBI",36,36,36,35,34,35,33,34,32,34,32,32,32,33,32,31,"Low Risk","Low Risk","Low Risk"
"86","SP","BOTUCATU",20,21,21,20,19,20,19,20,18,19,18,18,18,19,18,18,"High Risk","High Risk","High Risk"
"87","SP","BRAGANÇA PAULISTA",15,16,16,15,14,15,14,15,13,15,13,13,13,14,14,13,"High Risk","High Risk","High Risk"
"88","SP","BRAÚNA",36,39,39,37,36,37,35,36,35,36,34,34,34,35,34,33,"Low Risk","Low Risk","Low Risk"
"89","SP","BREJO ALEGRE",36,41,42,41,38,39,38,38,36,37,36,35,36,36,35,35,"Low Risk","Low Risk","Low Risk"
"90","SP","BRODOWSKI",28,28,28,27,26,27,26,27,25,27,25,25,26,26,26,25,"Medium Risk","Medium Risk","Medium Risk"
"91","SP","BROTAS",25,26,26,25,24,25,24,25,23,25,23,23,24,24,24,23,"Medium Risk","Medium Risk","Medium Risk"
"92","SP","BURI",29,29,29,28,27,29,27,28,26,28,26,26,27,27,26,26,"Medium Risk","Medium Risk","Medium Risk"
"93","SP","BURITAMA",35,35,35,34,33,34,32,33,32,33,31,31,31,32,31,30,"Low Risk","Low Risk","Low Risk"
"94","SP","BURITIZAL",34,34,34,33,32,33,32,33,31,33,32,31,32,33,32,32,"Low Risk","Low Risk","Low Risk"
"95","SP","CABRÁLIA PAULISTA",35,35,35,34,32,34,32,33,31,33,31,31,31,32,31,31,"Low Risk","Low Risk","Low Risk"
"96","SP","CABREÚVA",18,19,19,18,17,18,17,18,16,17,16,16,16,17,16,16,"High Risk","High Risk","High Risk"
"97","SP","CAÇAPAVA",18,18,18,18,17,18,16,18,16,17,16,16,16,17,16,16,"High Risk","High Risk","High Risk"
"98","SP","CACHOEIRA PAULISTA",24,24,25,24,23,24,22,24,22,23,22,22,22,23,22,22,"Medium Risk","Medium Risk","Medium Risk"
"99","SP","CACONDE",31,32,32,31,30,31,29,31,29,30,29,28,29,30,29,28,"Medium Risk","Low Risk","Low Risk"
"100","SP","CAFELÂNDIA",31,31,31,30,29,30,29,30,29,30,29,28,29,29,29,28,"Medium Risk","Low Risk","Medium Risk"
"101","SP","CAIABU",36,37,37,36,34,36,34,35,33,34,33,32,33,34,33,32,"Low Risk","Low Risk","Low Risk"
"102","SP","CAIEIRAS",8,9,9,8,7,9,7,9,7,9,8,7,8,9,9,9,"High Risk","High Risk","High Risk"
"103","SP","CAIUÁ",34,34,34,33,32,34,32,33,32,33,32,32,32,33,32,32,"Low Risk","Low Risk","Low Risk"
"104","SP","CAJAMAR",10,10,11,10,9,10,9,10,9,11,9,9,10,11,10,10,"High Risk","High Risk","High Risk"
"105","SP","CAJATI",23,23,23,22,21,23,21,22,20,22,20,20,21,21,21,20,"Medium Risk","Medium Risk","Medium Risk"
"106","SP","CAJOBI",35,35,35,34,33,34,32,33,32,33,31,31,31,32,31,30,"Low Risk","Low Risk","Low Risk"
"107","SP","CAJURU",33,33,33,32,30,31,30,31,29,30,29,28,29,29,28,28,"Low Risk","Low Risk","Low Risk"
"108","SP","CAMPINA DO MONTE ALEGRE",30,31,31,30,29,30,28,30,28,29,28,27,28,29,28,27,"Medium Risk","Medium Risk","Medium Risk"
"109","SP","CAMPINAS",10,11,11,10,9,10,9,10,9,10,9,8,9,10,9,9,"High Risk","High Risk","High Risk"
"110","SP","CAMPO LIMPO PAULISTA",15,16,16,15,14,15,14,15,13,15,13,13,14,14,14,13,"High Risk","High Risk","High Risk"
"111","SP","CAMPOS DO JORDÃO",20,20,20,20,19,20,19,20,18,20,18,18,19,19,19,18,"High Risk","Medium Risk","High Risk"
"112","SP","CAMPOS NOVOS PAULISTA",34,34,34,33,32,33,32,33,31,33,31,31,32,32,32,31,"Low Risk","Low Risk","Low Risk"
"113","SP","CANANÉIA",27,28,28,27,26,27,25,26,25,26,25,24,25,25,25,24,"Medium Risk","Medium Risk","Medium Risk"
"114","SP","CANAS",27,27,28,27,26,27,26,27,25,27,25,25,25,26,26,25,"Medium Risk","Medium Risk","Medium Risk"
"115","SP","CÂNDIDO MOTA",30,31,31,30,28,30,28,29,27,29,27,27,27,28,27,27,"Medium Risk","Medium Risk","Medium Risk"
"116","SP","CÂNDIDO RODRIGUES",34,35,35,34,33,34,33,34,33,34,33,32,33,34,33,33,"Low Risk","Low Risk","Low Risk"
"117","SP","CANITAR",35,35,35,34,33,34,32,33,32,33,31,31,31,32,31,31,"Low Risk","Low Risk","Low Risk"
"118","SP","CAPÃO BONITO",25,25,26,25,24,25,23,25,23,24,23,23,23,24,23,23,"Medium Risk","Medium Risk","Medium Risk"
"119","SP","CAPELA DO ALTO",24,25,25,24,23,24,22,23,22,23,22,21,22,22,22,21,"Medium Risk","Medium Risk","Medium Risk"
"120","SP","CAPIVARI",23,24,24,23,22,23,22,23,21,23,21,21,21,22,21,21,"Medium Risk","Medium Risk","Medium Risk"
"121","SP","CARAGUATATUBA",17,18,18,17,16,17,16,17,15,17,15,15,16,16,16,15,"High Risk","High Risk","High Risk"
"122","SP","CARAPICUÍBA",7,7,7,6,5,7,5,7,5,7,5,5,6,6,6,5,"High Risk","High Risk","High Risk"
"123","SP","CARDOSO",33,34,34,33,32,33,31,33,31,32,31,30,31,32,31,31,"Low Risk","Low Risk","Low Risk"
"124","SP","CASA BRANCA",26,26,26,26,25,26,24,26,24,25,24,24,24,25,24,24,"Medium Risk","Medium Risk","Medium Risk"
"125","SP","CÁSSIA DOS COQUEIROS",36,39,39,37,36,37,36,36,35,36,34,34,34,35,34,33,"Low Risk","Low Risk","Low Risk"
"126","SP","CASTILHO",31,31,31,30,29,31,29,31,29,30,29,29,29,30,30,29,"Medium Risk","Low Risk","Low Risk"
"127","SP","CATANDUVA",24,25,25,24,23,24,23,24,22,24,23,22,23,24,23,22,"Medium Risk","Medium Risk","Medium Risk"
"128","SP","CATIGUÁ",31,32,32,31,30,31,30,31,29,31,29,29,30,30,30,29,"Medium Risk","Low Risk","Low Risk"
"129","SP","CEDRAL",30,30,30,29,28,30,28,29,27,29,27,27,28,28,28,27,"Medium Risk","Medium Risk","Medium Risk"
"130","SP","CERQUEIRA CÉSAR",24,24,24,23,23,24,22,24,22,23,22,22,22,23,23,22,"Medium Risk","Medium Risk","Medium Risk"
"131","SP","CERQUILHO",23,23,23,22,21,23,21,22,21,22,21,20,21,22,21,20,"Medium Risk","Medium Risk","Medium Risk"
"132","SP","CESÁRIO LANGE",22,23,23,22,21,22,21,22,20,22,21,20,21,22,21,21,"Medium Risk","Medium Risk","Medium Risk"
"133","SP","CHARQUEADA",29,30,30,28,27,28,27,28,26,27,26,25,26,26,25,25,"Medium Risk","Medium Risk","Medium Risk"
"134","SP","CHAVANTES",33,33,33,32,30,32,30,31,29,31,29,28,29,30,29,28,"Low Risk","Low Risk","Low Risk"
"135","SP","CLEMENTINA",36,41,42,41,38,39,37,38,36,37,35,34,35,35,34,33,"Low Risk","Low Risk","Low Risk"
"136","SP","COLINA",31,31,31,30,29,30,29,30,29,30,29,28,29,29,29,28,"Medium Risk","Low Risk","Medium Risk"
"137","SP","COLÔMBIA",35,35,35,34,33,34,33,34,32,34,32,32,32,33,32,32,"Low Risk","Low Risk","Low Risk"
"138","SP","CONCHAL",27,28,28,27,26,27,25,26,25,26,25,24,25,25,25,24,"Medium Risk","Medium Risk","Medium Risk"
"139","SP","CONCHAS",26,27,27,26,25,26,25,26,24,25,24,24,24,25,24,24,"Medium Risk","Medium Risk","Medium Risk"
"140","SP","CORDEIRÓPOLIS",19,20,20,19,18,20,18,20,18,20,18,18,19,20,19,19,"High Risk","Medium Risk","High Risk"
"141","SP","COROADOS",33,34,33,32,31,33,31,32,31,32,31,30,31,32,31,31,"Low Risk","Low Risk","Low Risk"
"142","SP","CORONEL MACEDO",36,36,36,35,34,35,33,34,33,34,32,32,32,33,32,32,"Low Risk","Low Risk","Low Risk"
"143","SP","CORUMBATAÍ",28,28,28,27,27,28,27,28,26,28,27,26,27,28,27,27,"Medium Risk","Medium Risk","Medium Risk"
"144","SP","COSMÓPOLIS",23,23,23,22,21,22,21,22,20,21,20,19,20,20,20,19,"Medium Risk","Medium Risk","Medium Risk"
"145","SP","COSMORAMA",36,36,36,34,33,34,33,34,32,33,32,31,32,32,32,31,"Low Risk","Low Risk","Low Risk"
"146","SP","COTIA",7,8,8,7,6,8,6,7,6,8,6,6,7,7,7,7,"High Risk","High Risk","High Risk"
"147","SP","CRAVINHOS",26,26,26,25,24,26,24,25,24,25,24,23,24,25,24,23,"Medium Risk","Medium Risk","Medium Risk"
"148","SP","CRISTAIS PAULISTA",31,32,32,31,30,31,30,31,30,31,30,29,30,31,30,30,"Medium Risk","Low Risk","Low Risk"
"149","SP","CRUZÁLIA",36,39,39,38,36,38,36,37,35,37,35,35,35,36,35,35,"Low Risk","Low Risk","Low Risk"
"150","SP","CRUZEIRO",23,24,24,23,22,23,22,23,21,22,21,20,21,22,21,20,"Medium Risk","Medium Risk","Medium Risk"
"151","SP","CUBATÃO",15,16,16,15,14,15,14,15,13,15,13,13,14,14,14,13,"High Risk","High Risk","High Risk"
"152","SP","CUNHA",27,27,27,26,25,27,25,26,25,26,25,24,25,25,25,24,"Medium Risk","Medium Risk","Medium Risk"
"153","SP","DESCALVADO",28,28,28,27,26,27,26,27,25,27,25,25,25,26,25,24,"Medium Risk","Medium Risk","Medium Risk"
"154","SP","DIADEMA",5,4,5,5,4,5,4,5,4,5,4,4,4,5,5,4,"High Risk","High Risk","High Risk"
"155","SP","DIRCE REIS",36,41,42,44,42,43,41,42,40,41,39,38,39,39,38,37,"Low Risk","Low Risk","Low Risk"
"156","SP","DIVINOLÂNDIA",32,32,32,31,30,31,30,31,29,31,29,29,29,30,29,29,"Medium Risk","Low Risk","Low Risk"
"157","SP","DOBRADA",36,36,36,34,33,34,32,33,31,33,31,31,31,32,31,30,"Low Risk","Low Risk","Low Risk"
"158","SP","DOIS CÓRREGOS",30,31,31,29,28,30,28,29,27,29,27,27,27,28,27,26,"Medium Risk","Medium Risk","Medium Risk"
"159","SP","DOLCINÓPOLIS",36,41,42,44,42,43,41,41,39,40,38,38,38,39,38,37,"Low Risk","Low Risk","Low Risk"
"160","SP","DOURADO",32,32,32,31,30,31,30,31,29,30,29,28,29,30,29,28,"Medium Risk","Low Risk","Low Risk"
"161","SP","DRACENA",29,29,29,28,27,29,27,28,27,28,27,26,27,28,27,27,"Medium Risk","Medium Risk","Medium Risk"
"162","SP","DUARTINA",31,31,31,30,29,30,29,30,28,30,28,28,28,29,28,28,"Medium Risk","Medium Risk","Medium Risk"
"163","SP","DUMONT",36,36,35,34,32,33,31,32,30,31,30,29,30,30,29,29,"Low Risk","Low Risk","Low Risk"
"164","SP","ECHAPORÃ",33,33,33,32,31,33,31,32,31,32,31,31,31,32,31,31,"Low Risk","Low Risk","Low Risk"
"165","SP","ELDORADO",29,29,29,28,27,28,27,28,26,27,26,25,26,27,26,25,"Medium Risk","Medium Risk","Medium Risk"
"166","SP","ELIAS FAUSTO",26,26,26,25,24,25,24,25,23,24,23,22,23,23,23,22,"Medium Risk","Medium Risk","Medium Risk"
"167","SP","ELISIÁRIO",35,35,35,34,33,34,33,34,32,34,32,32,33,33,33,32,"Low Risk","Low Risk","Low Risk"
"168","SP","EMBAÚBA",36,39,39,38,37,38,37,38,36,38,36,35,36,37,36,35,"Low Risk","Low Risk","Low Risk"
"169","SP","EMBU DAS ARTES",6,6,6,6,5,6,5,6,5,6,5,5,5,6,6,5,"High Risk","High Risk","High Risk"
"170","SP","EMBU-GUAÇU",10,10,11,10,9,10,9,10,9,10,9,9,9,10,10,10,"High Risk","High Risk","High Risk"
"171","SP","EMILIANÓPOLIS",36,41,42,43,40,41,39,39,37,38,37,36,36,37,36,35,"Low Risk","Low Risk","Low Risk"
"172","SP","ENGENHEIRO COELHO",25,26,26,25,24,25,24,25,23,25,23,23,24,24,24,23,"Medium Risk","Medium Risk","Medium Risk"
"173","SP","ESPÍRITO SANTO DO PINHAL",26,26,26,25,24,26,24,25,24,25,24,23,24,25,24,24,"Medium Risk","Medium Risk","Medium Risk"
"174","SP","ESPÍRITO SANTO DO TURVO",33,33,33,32,30,31,30,31,29,30,29,28,29,29,29,28,"Low Risk","Low Risk","Low Risk"
"175","SP","ESTIVA GERBI",27,27,27,26,25,27,25,27,25,26,25,25,25,26,25,25,"Medium Risk","Medium Risk","Medium Risk"
"176","SP","ESTRELA D'OESTE",34,35,35,34,33,34,32,34,32,33,32,31,32,33,32,32,"Low Risk","Low Risk","Low Risk"
"177","SP","ESTRELA DO NORTE",36,39,39,38,37,38,37,38,36,38,36,36,36,37,37,36,"Low Risk","Low Risk","Low Risk"
"178","SP","EUCLIDES DA CUNHA PAULISTA",36,37,37,36,35,36,35,36,34,36,34,34,34,35,34,34,"Low Risk","Low Risk","Low Risk"
"179","SP","FARTURA",31,32,32,31,30,31,30,31,29,31,29,29,29,30,29,29,"Medium Risk","Low Risk","Low Risk"
"180","SP","FERNANDO PRESTES",32,32,32,31,30,32,30,31,30,31,30,30,30,31,31,30,"Low Risk","Low Risk","Low Risk"
"181","SP","FERNANDÓPOLIS",27,27,27,26,25,27,25,27,25,27,25,25,25,26,26,25,"Medium Risk","Medium Risk","Medium Risk"
"182","SP","FERNÃO",36,37,37,36,34,36,34,35,33,35,33,33,33,34,33,33,"Low Risk","Low Risk","Low Risk"
"183","SP","FERRAZ DE VASCONCELOS",6,7,7,6,5,7,5,7,5,7,6,5,6,7,7,6,"High Risk","High Risk","High Risk"
"184","SP","FLORA RICA",36,39,39,38,37,38,36,38,36,37,36,36,36,37,36,35,"Low Risk","Low Risk","Low Risk"
"185","SP","FLOREAL",36,37,37,36,35,37,35,36,34,36,34,34,35,35,34,34,"Low Risk","Low Risk","Low Risk"
"186","SP","FLÓRIDA PAULISTA",33,33,33,32,31,32,31,32,30,32,31,30,31,32,31,30,"Low Risk","Low Risk","Low Risk"
"187","SP","FLORÍNEA",31,32,32,31,30,32,30,32,30,32,30,30,31,32,31,31,"Low Risk","Low Risk","Low Risk"
"188","SP","FRANCA",21,22,22,21,20,21,20,21,19,21,20,19,20,21,20,19,"Medium Risk","Medium Risk","Medium Risk"
"189","SP","FRANCISCO MORATO",10,10,10,9,9,10,8,10,8,10,8,8,9,10,9,9,"High Risk","High Risk","High Risk"
"190","SP","FRANCO DA ROCHA",8,9,9,8,7,9,7,9,7,9,7,7,8,9,8,8,"High Risk","High Risk","High Risk"
"191","SP","GABRIEL MONTEIRO",36,38,38,37,36,37,36,37,35,37,36,35,36,37,36,35,"Low Risk","Low Risk","Low Risk"
"192","SP","GÁLIA",30,30,30,29,28,29,28,29,28,29,28,27,28,29,28,28,"Medium Risk","Medium Risk","Medium Risk"
"193","SP","GARÇA",27,27,28,27,26,27,26,27,25,27,25,25,25,26,26,25,"Medium Risk","Medium Risk","Medium Risk"
"194","SP","GASTÃO VIDIGAL",36,39,39,38,37,38,37,38,36,37,36,36,36,37,36,35,"Low Risk","Low Risk","Low Risk"
"195","SP","GAVIÃO PEIXOTO",35,35,35,33,32,33,31,32,30,32,30,30,30,31,30,29,"Low Risk","Low Risk","Low Risk"
"196","SP","GENERAL SALGADO",34,34,34,33,32,34,32,33,32,33,32,31,32,33,32,31,"Low Risk","Low Risk","Low Risk"
"197","SP","GETULINA",35,35,35,34,33,34,33,34,32,33,32,31,32,32,32,31,"Low Risk","Low Risk","Low Risk"
"198","SP","GLICÉRIO",35,35,35,34,33,34,33,34,32,34,33,32,33,34,33,32,"Low Risk","Low Risk","Low Risk"
"199","SP","GUAIÇARA",31,31,31,30,29,31,29,30,29,30,29,28,29,30,29,29,"Medium Risk","Low Risk","Medium Risk"
"200","SP","GUAIMBÊ",36,36,36,35,34,35,33,34,32,34,32,32,32,33,32,32,"Low Risk","Low Risk","Low Risk"
"201","SP","GUAÍRA",33,33,33,32,31,32,30,31,29,31,29,29,29,30,29,28,"Low Risk","Low Risk","Low Risk"
"202","SP","GUAPIAÇU",30,30,30,29,28,29,27,28,27,28,26,26,27,27,26,26,"Medium Risk","Medium Risk","Medium Risk"
"203","SP","GUAPIARA",31,31,31,30,29,31,29,30,28,30,28,28,28,29,28,27,"Medium Risk","Medium Risk","Medium Risk"
"204","SP","GUARÁ",28,29,29,28,27,28,27,28,26,28,26,26,27,27,27,26,"Medium Risk","Medium Risk","Medium Risk"
"205","SP","GUARAÇAÍ",35,35,35,34,33,34,33,34,32,33,32,31,32,33,32,31,"Low Risk","Low Risk","Low Risk"
"206","SP","GUARACI",35,35,35,33,32,33,32,32,31,32,30,30,30,31,30,29,"Low Risk","Low Risk","Low Risk"
"207","SP","GUARANI D'OESTE",36,40,40,39,37,39,37,39,37,38,37,36,37,38,37,36,"Low Risk","Low Risk","Low Risk"
"208","SP","GUARANTÃ",32,32,32,31,30,31,30,31,29,30,29,29,29,30,29,29,"Medium Risk","Low Risk","Low Risk"
"209","SP","GUARARAPES",32,32,32,31,30,31,30,31,29,30,29,28,29,30,29,28,"Medium Risk","Low Risk","Low Risk"
"210","SP","GUARAREMA",16,16,16,16,15,16,15,16,14,16,15,14,15,16,15,15,"High Risk","High Risk","High Risk"
"211","SP","GUARATINGUETÁ",18,19,19,18,17,18,17,18,16,18,16,16,16,17,16,16,"High Risk","High Risk","High Risk"
"212","SP","GUAREÍ",27,28,28,27,26,27,25,27,25,26,25,24,25,26,25,24,"Medium Risk","Medium Risk","Medium Risk"
"213","SP","GUARIBA",29,29,29,28,27,28,27,28,26,28,26,26,26,27,26,26,"Medium Risk","Medium Risk","Medium Risk"
"214","SP","GUARUJÁ",13,14,14,13,12,13,12,13,11,13,11,11,11,12,11,11,"High Risk","High Risk","High Risk"
"215","SP","GUARULHOS",2,2,2,2,2,2,2,2,2,2,2,2,2,2,2,2,"High Risk","High Risk","High Risk"
"216","SP","GUATAPARÁ",34,34,34,32,31,32,31,32,30,31,29,29,30,30,29,29,"Low Risk","Low Risk","Low Risk"
"217","SP","GUZOLÂNDIA",36,39,39,38,37,38,37,38,36,37,36,35,36,36,36,35,"Low Risk","Low Risk","Low Risk"
"218","SP","HERCULÂNDIA",36,39,38,37,35,36,34,35,33,35,33,32,33,33,32,32,"Low Risk","Low Risk","Low Risk"
"219","SP","HOLAMBRA",23,24,24,23,22,24,22,24,22,24,22,22,23,23,23,22,"Medium Risk","Medium Risk","Medium Risk"
"220","SP","HORTOLÂNDIA",17,17,17,16,15,17,15,16,15,16,14,14,15,15,15,14,"High Risk","High Risk","High Risk"
"221","SP","IACANGA",34,34,34,33,31,33,31,32,30,31,30,29,30,31,30,29,"Low Risk","Low Risk","Low Risk"
"222","SP","IACRI",36,37,37,36,34,36,34,35,33,34,33,32,33,34,33,32,"Low Risk","Low Risk","Low Risk"
"223","SP","IARAS",24,25,25,24,23,24,23,24,23,24,23,22,23,24,23,23,"Medium Risk","Medium Risk","Medium Risk"
"224","SP","IBATÉ",25,25,25,24,23,25,23,24,23,24,23,22,23,24,23,22,"Medium Risk","Medium Risk","Medium Risk"
"225","SP","IBIRÁ",31,31,31,30,29,30,29,30,28,30,29,28,29,29,29,28,"Medium Risk","Low Risk","Medium Risk"
"226","SP","IBIRAREMA",30,30,30,29,29,30,28,30,28,29,28,28,28,29,28,28,"Medium Risk","Medium Risk","Medium Risk"
"227","SP","IBITINGA",27,27,27,26,26,27,25,27,25,26,25,25,25,26,25,25,"Medium Risk","Medium Risk","Medium Risk"
"228","SP","IBIÚNA",15,16,16,15,14,15,14,15,13,15,13,13,14,14,14,13,"High Risk","High Risk","High Risk"
"229","SP","ICÉM",34,34,34,33,32,33,32,33,31,33,31,31,31,32,31,31,"Low Risk","Low Risk","Low Risk"
"230","SP","IEPÊ",35,35,35,34,33,34,33,34,32,34,32,32,32,33,32,32,"Low Risk","Low Risk","Low Risk"
"231","SP","IGARAÇU DO TIETÊ",29,30,30,29,27,29,27,28,27,28,26,26,27,27,27,26,"Medium Risk","Medium Risk","Medium Risk"
"232","SP","IGARAPAVA",27,28,28,27,26,27,26,27,25,27,26,25,26,27,26,26,"Medium Risk","Medium Risk","Medium Risk"
"233","SP","IGARATÁ",20,21,21,20,19,20,19,20,19,20,19,18,19,20,19,19,"High Risk","Medium Risk","Medium Risk"
"234","SP","IGUAPE",23,24,24,23,22,23,22,23,21,22,21,21,21,22,21,20,"Medium Risk","Medium Risk","Medium Risk"
"235","SP","ILHA COMPRIDA",23,23,24,23,22,23,22,23,21,23,22,21,22,23,22,22,"Medium Risk","Medium Risk","Medium Risk"
"236","SP","ILHA SOLTEIRA",31,31,31,30,29,31,29,30,29,30,29,29,29,30,29,29,"Medium Risk","Low Risk","Medium Risk"
"237","SP","ILHABELA",36,41,42,44,44,46,44,45,43,44,42,41,42,42,41,40,"Low Risk","Low Risk","Low Risk"
"238","SP","INDAIATUBA",15,16,16,15,14,15,14,15,13,15,13,13,14,14,14,13,"High Risk","High Risk","High Risk"
"239","SP","INDIANA",35,35,35,34,33,34,33,34,32,34,32,32,32,33,32,32,"Low Risk","Low Risk","Low Risk"
"240","SP","INDIAPORÃ",36,41,42,41,39,40,38,38,37,38,36,36,36,37,36,35,"Low Risk","Low Risk","Low Risk"
"241","SP","INÚBIA PAULISTA",36,36,36,35,34,35,34,35,34,35,34,33,34,35,34,33,"Low Risk","Low Risk","Low Risk"
"242","SP","IPAUSSU",30,31,31,30,28,30,28,29,27,29,27,27,27,28,27,26,"Medium Risk","Medium Risk","Medium Risk"
"243","SP","IPERÓ",22,22,22,21,20,22,20,21,19,21,19,19,20,20,19,19,"Medium Risk","Medium Risk","Medium Risk"
"244","SP","IPEÚNA",29,30,30,29,28,29,27,29,27,28,27,27,27,28,27,27,"Medium Risk","Medium Risk","Medium Risk"
"245","SP","IPIGUÁ",36,36,35,33,31,32,31,32,30,31,30,29,30,30,30,29,"Low Risk","Low Risk","Low Risk"
"246","SP","IPORANGA",34,34,34,33,32,33,31,33,31,32,31,30,31,32,31,30,"Low Risk","Low Risk","Low Risk"
"247","SP","IPUÃ",36,36,36,35,33,35,33,34,32,33,32,31,32,32,32,31,"Low Risk","Low Risk","Low Risk"
"248","SP","IRACEMÁPOLIS",27,28,27,26,25,26,25,26,24,25,24,23,24,24,23,23,"Medium Risk","Medium Risk","Medium Risk"
"249","SP","IRAPUÃ",34,34,34,33,32,34,32,33,31,33,31,31,32,32,32,31,"Low Risk","Low Risk","Low Risk"
"250","SP","IRAPURU",34,34,34,33,32,34,32,33,32,33,32,31,32,33,32,32,"Low Risk","Low Risk","Low Risk"
"251","SP","ITABERÁ",32,33,33,31,30,32,30,31,29,31,29,29,29,30,29,28,"Low Risk","Low Risk","Low Risk"
"252","SP","ITAÍ",26,27,27,26,25,26,25,26,24,26,24,24,25,25,25,24,"Medium Risk","Medium Risk","Medium Risk"
"253","SP","ITAJOBI",32,32,32,31,30,32,30,31,29,31,29,29,30,30,30,29,"Low Risk","Low Risk","Low Risk"
"254","SP","ITAJU",35,35,35,34,33,34,33,34,32,33,32,31,32,33,32,31,"Low Risk","Low Risk","Low Risk"
"255","SP","ITANHAÉM",14,15,15,14,13,15,13,14,13,14,13,12,13,14,13,13,"High Risk","High Risk","High Risk"
"256","SP","ITAOCA",36,37,37,36,35,37,35,36,35,36,35,34,35,36,35,35,"Low Risk","Low Risk","Low Risk"
"257","SP","ITAPECERICA DA SERRA",7,8,8,7,6,7,6,7,6,7,6,6,7,7,7,7,"High Risk","High Risk","High Risk"
"258","SP","ITAPETININGA",19,20,20,19,18,19,18,19,17,19,17,17,17,18,17,17,"High Risk","High Risk","High Risk"
"259","SP","ITAPEVA",24,25,25,24,23,24,23,24,22,24,23,22,23,23,23,22,"Medium Risk","Medium Risk","Medium Risk"
"260","SP","ITAPEVI",9,10,10,9,8,9,8,9,7,9,8,7,8,9,8,8,"High Risk","High Risk","High Risk"
"261","SP","ITAPIRA",23,24,24,23,22,23,22,23,21,22,21,21,21,22,21,21,"Medium Risk","Medium Risk","Medium Risk"
"262","SP","ITAPIRAPUÃ PAULISTA",36,40,40,38,37,39,37,38,36,38,36,36,36,37,36,35,"Low Risk","Low Risk","Low Risk"
"263","SP","ITÁPOLIS",30,30,30,29,28,29,28,29,27,29,27,27,27,28,27,27,"Medium Risk","Medium Risk","Medium Risk"
"264","SP","ITAPORANGA",32,32,33,31,30,32,30,31,30,31,30,29,30,31,30,29,"Low Risk","Low Risk","Low Risk"
"265","SP","ITAPUÍ",30,31,31,30,29,30,29,30,28,30,28,28,28,29,28,28,"Medium Risk","Medium Risk","Medium Risk"
"266","SP","ITAPURA",36,38,37,36,35,37,35,36,35,36,35,34,35,36,35,34,"Low Risk","Low Risk","Low Risk"
"267","SP","ITAQUAQUECETUBA",6,6,7,6,5,6,5,6,5,6,5,5,6,6,6,6,"High Risk","High Risk","High Risk"
"268","SP","ITARARÉ",27,27,27,26,25,27,25,27,25,26,25,25,25,26,25,25,"Medium Risk","Medium Risk","Medium Risk"
"269","SP","ITARIRI",25,25,25,24,23,24,22,23,21,23,21,21,21,22,21,20,"Medium Risk","Medium Risk","Medium Risk"
"270","SP","ITATIBA",16,17,17,16,15,16,15,16,14,16,14,14,15,15,15,14,"High Risk","High Risk","High Risk"
"271","SP","ITATINGA",24,24,24,23,22,24,22,23,22,23,22,21,22,23,22,22,"Medium Risk","Medium Risk","Medium Risk"
"272","SP","ITIRAPINA",25,25,25,24,23,25,23,25,23,24,23,23,23,24,24,23,"Medium Risk","Medium Risk","Medium Risk"
"273","SP","ITIRAPUÃ",36,39,39,37,36,37,35,36,34,36,34,33,34,34,33,33,"Low Risk","Low Risk","Low Risk"
"274","SP","ITOBI",33,33,33,32,31,32,30,31,30,31,30,29,30,30,30,29,"Low Risk","Low Risk","Low Risk"
"275","SP","ITU",15,15,15,15,14,15,13,15,13,15,13,13,13,14,14,13,"High Risk","High Risk","High Risk"
"276","SP","ITUPEVA",14,15,15,14,13,15,13,15,13,15,13,13,14,14,14,14,"High Risk","High Risk","High Risk"
"277","SP","ITUVERAVA",28,29,29,28,27,28,27,28,26,28,26,26,26,27,27,26,"Medium Risk","Medium Risk","Medium Risk"
"278","SP","JABORANDI",36,41,42,41,39,39,38,38,36,37,35,35,35,36,35,34,"Low Risk","Low Risk","Low Risk"
"279","SP","JABOTICABAL",26,26,26,26,25,26,24,26,24,25,24,24,24,25,24,24,"Medium Risk","Medium Risk","Medium Risk"
"280","SP","JACAREÍ",14,15,15,14,13,14,13,14,12,14,12,12,13,13,13,12,"High Risk","High Risk","High Risk"
"281","SP","JACI",35,35,35,34,32,33,32,33,31,32,31,30,31,31,30,30,"Low Risk","Low Risk","Low Risk"
"282","SP","JACUPIRANGA",23,23,24,23,22,23,21,23,21,22,21,21,21,22,21,21,"Medium Risk","Medium Risk","Medium Risk"
"283","SP","JAGUARIÚNA",19,20,20,19,18,20,18,19,18,19,18,17,18,19,18,18,"High Risk","High Risk","High Risk"
"284","SP","JALES",28,29,29,28,27,28,27,28,26,28,26,26,27,27,27,26,"Medium Risk","Medium Risk","Medium Risk"
"285","SP","JAMBEIRO",22,22,22,22,21,22,21,22,21,22,21,21,22,23,22,22,"Medium Risk","Medium Risk","Medium Risk"
"286","SP","JANDIRA",11,12,12,11,10,11,9,11,9,10,9,9,9,10,9,9,"High Risk","High Risk","High Risk"
"287","SP","JARDINÓPOLIS",27,27,27,26,25,26,25,26,24,25,24,24,24,25,24,24,"Medium Risk","Medium Risk","Medium Risk"
"288","SP","JARINU",18,18,18,18,17,18,16,18,16,18,16,16,16,17,17,16,"High Risk","High Risk","High Risk"
"289","SP","JAÚ",23,24,24,23,22,23,22,23,21,23,22,21,22,22,22,21,"Medium Risk","Medium Risk","Medium Risk"
"290","SP","JERIQUARA",36,41,42,41,38,39,37,38,36,37,35,35,35,36,35,34,"Low Risk","Low Risk","Low Risk"
"291","SP","JOANÓPOLIS",23,23,23,22,21,23,21,23,21,22,21,21,21,22,21,21,"Medium Risk","Medium Risk","Medium Risk"
"292","SP","JOÃO RAMALHO",36,39,39,37,36,37,35,36,34,36,34,34,34,35,34,33,"Low Risk","Low Risk","Low Risk"
"293","SP","JOSÉ BONIFÁCIO",29,29,29,28,27,29,27,28,27,28,27,26,27,28,27,26,"Medium Risk","Medium Risk","Medium Risk"
"294","SP","JÚLIO MESQUITA",35,35,35,34,33,34,33,34,32,34,32,32,33,33,32,32,"Low Risk","Low Risk","Low Risk"
"295","SP","JUMIRIM",29,29,29,28,28,29,27,29,27,29,27,27,27,28,28,27,"Medium Risk","Medium Risk","Medium Risk"
"296","SP","JUNDIAÍ",10,10,10,9,9,10,8,10,8,10,8,8,9,9,9,8,"High Risk","High Risk","High Risk"
"297","SP","JUNQUEIRÓPOLIS",31,31,32,31,30,31,30,31,29,31,29,29,30,30,30,29,"Medium Risk","Low Risk","Low Risk"
"298","SP","JUQUIÁ",22,23,23,22,21,22,20,22,20,21,20,19,20,21,20,19,"Medium Risk","Medium Risk","Medium Risk"
"299","SP","JUQUITIBA",16,17,17,16,15,16,15,16,14,16,14,14,15,15,15,14,"High Risk","High Risk","High Risk"
"300","SP","LAGOINHA",28,28,28,27,27,28,26,28,26,27,26,26,26,27,26,26,"Medium Risk","Medium Risk","Medium Risk"
"301","SP","LARANJAL PAULISTA",25,26,26,25,24,25,24,25,23,24,23,23,23,24,23,22,"Medium Risk","Medium Risk","Medium Risk"
"302","SP","LAVÍNIA",33,33,33,32,31,33,31,32,31,32,31,30,31,32,31,31,"Low Risk","Low Risk","Low Risk"
"303","SP","LAVRINHAS",24,25,25,24,23,24,23,24,23,24,23,23,23,24,24,23,"Medium Risk","Medium Risk","Medium Risk"
"304","SP","LEME",21,22,22,21,20,21,20,21,19,21,19,19,20,20,20,19,"Medium Risk","Medium Risk","Medium Risk"
"305","SP","LENÇÓIS PAULISTA",25,25,25,24,23,25,23,24,23,24,22,22,23,23,23,22,"Medium Risk","Medium Risk","Medium Risk"
"306","SP","LIMEIRA",16,17,17,16,15,16,15,16,14,16,14,14,15,15,15,14,"High Risk","High Risk","High Risk"
"307","SP","LINDÓIA",26,26,26,26,25,26,25,26,24,26,24,24,25,25,25,24,"Medium Risk","Medium Risk","Medium Risk"
"308","SP","LINS",26,26,26,25,24,26,24,25,24,25,24,24,24,25,24,24,"Medium Risk","Medium Risk","Medium Risk"
"309","SP","LORENA",21,21,21,20,19,21,19,20,19,20,19,18,19,20,19,18,"High Risk","Medium Risk","Medium Risk"
"310","SP","LOURDES",36,41,42,44,43,44,42,43,41,42,40,39,39,40,39,38,"Low Risk","Low Risk","Low Risk"
"311","SP","LOUVEIRA",17,18,18,17,16,17,16,17,15,17,15,15,16,16,16,15,"High Risk","High Risk","High Risk"
"312","SP","LUCÉLIA",30,31,31,30,29,30,29,30,29,30,29,28,29,30,29,29,"Medium Risk","Low Risk","Medium Risk"
"313","SP","LUCIANÓPOLIS",36,41,42,41,38,39,37,38,36,37,35,34,35,35,34,33,"Low Risk","Low Risk","Low Risk"
"314","SP","LUÍS ANTÔNIO",26,27,27,26,25,26,25,26,24,26,24,24,25,25,25,24,"Medium Risk","Medium Risk","Medium Risk"
"315","SP","LUIZIÂNIA",36,36,36,35,34,35,34,35,33,35,33,33,34,34,34,33,"Low Risk","Low Risk","Low Risk"
"316","SP","LUPÉRCIO",36,39,39,38,36,37,36,36,35,36,34,34,34,35,34,33,"Low Risk","Low Risk","Low Risk"
"317","SP","LUTÉCIA",35,35,35,34,33,35,33,34,33,34,33,33,33,34,33,33,"Low Risk","Low Risk","Low Risk"
"318","SP","MACATUBA",30,30,30,29,28,29,28,29,27,28,27,26,27,28,27,26,"Medium Risk","Medium Risk","Medium Risk"
"319","SP","MACAUBAL",36,36,36,35,34,35,34,35,33,34,33,32,33,34,33,32,"Low Risk","Low Risk","Low Risk"
"320","SP","MACEDÔNIA",36,41,42,42,40,40,39,39,37,38,36,36,36,37,36,35,"Low Risk","Low Risk","Low Risk"
"321","SP","MAGDA",36,36,36,35,34,36,34,35,34,35,34,34,34,35,34,34,"Low Risk","Low Risk","Low Risk"
"322","SP","MAIRINQUE",17,17,18,17,16,17,15,17,15,16,15,15,15,16,15,15,"High Risk","High Risk","High Risk"
"323","SP","MAIRIPORÃ",10,10,11,10,9,10,9,10,9,10,9,9,9,10,10,9,"High Risk","High Risk","High Risk"
"324","SP","MANDURI",32,32,32,31,29,31,29,30,28,29,28,27,28,28,27,27,"Medium Risk","Medium Risk","Medium Risk"
"325","SP","MARABÁ PAULISTA",36,41,42,43,41,42,40,40,38,39,37,37,37,38,36,36,"Low Risk","Low Risk","Low Risk"
"326","SP","MARACAÍ",30,30,30,30,28,30,28,29,28,29,28,27,28,29,28,28,"Medium Risk","Medium Risk","Medium Risk"
"327","SP","MARAPOAMA",36,37,37,36,35,36,35,36,34,36,34,34,34,35,34,33,"Low Risk","Low Risk","Low Risk"
"328","SP","MARIÁPOLIS",36,39,39,37,36,37,35,36,35,36,34,34,34,35,34,33,"Low Risk","Low Risk","Low Risk"
"329","SP","MARÍLIA",22,22,22,21,20,22,20,22,20,21,20,20,20,21,20,20,"Medium Risk","Medium Risk","Medium Risk"
"330","SP","MARINÓPOLIS",36,41,42,44,43,44,42,43,41,42,40,39,39,40,39,38,"Low Risk","Low Risk","Low Risk"
"331","SP","MARTINÓPOLIS",31,31,31,30,29,31,29,30,28,30,28,28,29,29,29,28,"Medium Risk","Low Risk","Medium Risk"
"332","SP","MATÃO",24,25,25,24,23,24,23,24,22,24,22,22,23,23,23,22,"Medium Risk","Medium Risk","Medium Risk"
"333","SP","MATO GROSSO DO SUL",26,26,26,25,25,26,24,26,24,25,24,24,24,25,24,24,"Medium Risk","Medium Risk","Medium Risk"
"334","SP","MAUÁ",6,7,7,6,5,6,5,6,5,6,5,5,5,6,6,5,"High Risk","High Risk","High Risk"
"335","SP","MENDONÇA",36,37,36,35,33,35,33,34,32,33,32,31,32,32,32,31,"Low Risk","Low Risk","Low Risk"
"336","SP","MERIDIANO",32,33,33,32,31,32,31,32,31,33,31,31,32,33,32,32,"Low Risk","Low Risk","Low Risk"
"337","SP","MESÓPOLIS",36,41,42,44,42,43,41,42,39,41,39,38,39,39,38,37,"Low Risk","Low Risk","Low Risk"
"338","SP","MIGUELÓPOLIS",31,32,32,31,30,31,29,31,29,31,29,29,29,30,29,29,"Medium Risk","Low Risk","Low Risk"
"339","SP","MINAS GERAIS",15,15,15,14,13,15,13,14,13,14,13,12,13,14,13,13,"High Risk","High Risk","High Risk"
"340","SP","MINEIROS DO TIETÊ",31,31,31,30,29,31,29,30,29,30,29,28,29,29,29,28,"Medium Risk","Low Risk","Medium Risk"
"341","SP","MIRA ESTRELA",36,39,39,38,37,38,36,37,36,37,36,35,36,36,36,35,"Low Risk","Low Risk","Low Risk"
"342","SP","MIRACATU",18,18,18,17,17,18,17,18,16,18,16,16,17,18,17,17,"High Risk","High Risk","High Risk"
"343","SP","MIRANDÓPOLIS",29,29,29,28,27,29,27,29,27,28,27,27,27,28,28,27,"Medium Risk","Medium Risk","Medium Risk"
"344","SP","MIRANTE DO PARANAPANEMA",33,34,34,33,32,33,31,33,31,32,31,31,31,32,31,31,"Low Risk","Low Risk","Low Risk"
"345","SP","MIRASSOL",26,26,26,25,24,25,24,25,23,25,23,23,23,24,23,23,"Medium Risk","Medium Risk","Medium Risk"
"346","SP","MIRASSOLÂNDIA",36,38,38,36,34,35,33,34,32,33,31,31,32,32,31,31,"Low Risk","Low Risk","Low Risk"
"347","SP","MOCOCA",25,26,26,25,24,25,24,25,23,25,23,23,24,25,24,23,"Medium Risk","Medium Risk","Medium Risk"
"348","SP","MOGI DAS CRUZES",9,9,9,8,7,9,7,8,7,8,7,7,7,8,7,7,"High Risk","High Risk","High Risk"
"349","SP","MOGI GUAÇU",20,21,21,20,19,20,19,20,18,20,18,18,18,19,18,18,"High Risk","High Risk","High Risk"
"350","SP","MOGI MIRIM",20,20,21,20,19,20,19,20,18,20,18,18,19,19,19,18,"High Risk","Medium Risk","High Risk"
"351","SP","MOMBUCA",33,34,33,32,31,32,31,32,30,31,30,29,30,30,30,29,"Low Risk","Low Risk","Low Risk"
"352","SP","MONÇÕES",36,41,42,44,42,43,41,41,39,40,38,38,38,39,38,37,"Low Risk","Low Risk","Low Risk"
"353","SP","MONGAGUÁ",15,16,16,15,14,16,14,15,14,15,14,14,14,15,15,14,"High Risk","High Risk","High Risk"
"354","SP","MONTE ALEGRE DO SUL",29,29,29,28,27,28,27,28,26,27,26,25,26,27,26,25,"Medium Risk","Medium Risk","Medium Risk"
"355","SP","MONTE ALTO",28,28,28,27,26,28,26,28,26,27,26,25,26,27,26,25,"Medium Risk","Medium Risk","Medium Risk"
"356","SP","MONTE APRAZÍVEL",30,31,31,29,28,30,28,29,28,29,28,27,28,28,28,27,"Medium Risk","Medium Risk","Medium Risk"
"357","SP","MONTE AZUL PAULISTA",32,32,32,31,30,31,30,31,29,31,29,29,30,30,29,29,"Medium Risk","Low Risk","Low Risk"
"358","SP","MONTE CASTELO",36,41,42,43,40,41,39,39,37,39,37,36,37,37,36,35,"Low Risk","Low Risk","Low Risk"
"359","SP","MONTE MOR",21,21,21,20,19,21,19,20,18,20,18,18,19,19,19,18,"High Risk","Medium Risk","High Risk"
"360","SP","MONTEIRO LOBATO",29,29,29,28,27,28,26,27,26,27,26,25,26,26,25,25,"Medium Risk","Medium Risk","Medium Risk"
"361","SP","MORRO AGUDO",31,32,32,31,30,31,29,30,29,30,29,28,29,29,29,28,"Medium Risk","Low Risk","Low Risk"
"362","SP","MORUNGABA",24,25,25,24,23,24,23,24,22,24,22,22,22,23,22,22,"Medium Risk","Medium Risk","Medium Risk"
"363","SP","MOTUCA",34,35,35,34,33,34,32,34,32,33,32,31,32,33,32,31,"Low Risk","Low Risk","Low Risk"
"364","SP","MURUTINGA DO SUL",35,35,35,34,34,35,33,35,33,34,33,33,33,34,34,33,"Low Risk","Low Risk","Low Risk"
"365","SP","NANTES",36,39,39,38,37,38,37,38,36,37,36,35,36,37,36,35,"Low Risk","Low Risk","Low Risk"
"366","SP","NARANDIBA",36,37,37,36,35,36,35,36,34,36,34,34,34,35,34,34,"Low Risk","Low Risk","Low Risk"
"367","SP","NATIVIDADE DA SERRA",28,28,28,27,26,27,26,27,25,27,25,25,26,26,26,25,"Medium Risk","Medium Risk","Medium Risk"
"368","SP","NAZARÉ PAULISTA",19,20,20,19,18,19,18,19,17,19,17,17,18,18,18,17,"High Risk","High Risk","High Risk"
"369","SP","NEVES PAULISTA",33,34,33,32,31,32,31,32,30,31,30,29,30,31,30,29,"Low Risk","Low Risk","Low Risk"
"370","SP","NHANDEARA",33,33,33,32,31,33,31,32,31,32,31,30,31,31,31,30,"Low Risk","Low Risk","Low Risk"
"371","SP","NIPOÃ",36,41,42,40,38,38,36,37,35,36,34,34,34,35,34,33,"Low Risk","Low Risk","Low Risk"
"372","SP","NOVA ALIANÇA",36,37,36,35,33,34,32,33,31,32,31,30,31,31,30,30,"Low Risk","Low Risk","Low Risk"
"373","SP","NOVA CAMPINA",33,33,33,32,31,32,31,32,30,32,30,30,30,31,30,30,"Low Risk","Low Risk","Low Risk"
"374","SP","NOVA CANAÃ PAULISTA",36,41,42,43,40,41,39,40,38,39,37,37,37,38,37,36,"Low Risk","Low Risk","Low Risk"
"375","SP","NOVA CASTILHO",36,41,42,44,44,45,43,44,42,43,41,40,41,41,40,39,"Low Risk","Low Risk","Low Risk"
"376","SP","NOVA EUROPA",34,34,34,33,32,33,31,32,31,32,30,30,30,31,30,29,"Low Risk","Low Risk","Low Risk"
"377","SP","NOVA GRANADA",32,33,33,31,30,31,30,31,29,30,29,28,29,29,28,28,"Low Risk","Low Risk","Low Risk"
"378","SP","NOVA GUATAPORANGA",36,41,42,42,40,41,39,39,37,38,37,36,37,37,36,36,"Low Risk","Low Risk","Low Risk"
"379","SP","NOVA INDEPENDÊNCIA",36,38,38,36,35,37,35,36,34,36,34,34,35,35,35,34,"Low Risk","Low Risk","Low Risk"
"380","SP","NOVA LUZITÂNIA",36,39,39,38,36,38,36,37,35,37,35,35,35,36,35,34,"Low Risk","Low Risk","Low Risk"
"381","SP","NOVA ODESSA",19,20,20,19,18,20,18,19,18,19,18,17,18,19,18,18,"High Risk","High Risk","High Risk"
"382","SP","NOVAIS",36,41,42,40,38,39,37,37,35,36,34,34,34,35,34,33,"Low Risk","Low Risk","Low Risk"
"383","SP","NOVO HORIZONTE",28,29,29,28,27,28,27,28,26,28,26,26,27,27,27,26,"Medium Risk","Medium Risk","Medium Risk"
"384","SP","NUPORANGA",36,36,36,35,33,35,33,34,32,33,32,31,32,32,31,31,"Low Risk","Low Risk","Low Risk"
"385","SP","OCAUÇU",36,36,36,35,34,35,33,35,33,34,33,32,33,33,33,32,"Low Risk","Low Risk","Low Risk"
"386","SP","ÓLEO",35,35,35,34,32,34,32,33,31,32,31,30,31,32,31,30,"Low Risk","Low Risk","Low Risk"
"387","SP","OLÍMPIA",23,24,24,23,22,24,22,23,22,23,22,22,22,23,23,22,"Medium Risk","Medium Risk","Medium Risk"
"388","SP","ONDA VERDE",35,35,35,34,32,34,32,33,31,33,31,31,31,32,31,31,"Low Risk","Low Risk","Low Risk"
"389","SP","ORIENTE",34,34,34,33,32,33,32,33,31,33,31,31,31,32,31,31,"Low Risk","Low Risk","Low Risk"
"390","SP","ORINDIÚVA",33,34,34,33,32,33,32,33,31,33,32,31,32,33,32,32,"Low Risk","Low Risk","Low Risk"
"391","SP","ORLÂNDIA",27,27,27,26,26,27,25,27,25,26,25,25,25,26,25,25,"Medium Risk","Medium Risk","Medium Risk"
"392","SP","OSASCO",3,3,3,3,3,3,3,3,3,3,3,3,3,3,3,3,"High Risk","High Risk","High Risk"
"393","SP","OSCAR BRESSANE",35,35,35,34,33,35,33,34,33,35,33,33,33,34,34,33,"Low Risk","Low Risk","Low Risk"
"394","SP","OSVALDO CRUZ",30,30,30,29,28,30,28,30,28,29,28,28,28,29,28,28,"Medium Risk","Medium Risk","Medium Risk"
"395","SP","OURINHOS",23,24,24,23,22,23,22,23,21,23,22,21,22,23,22,21,"Medium Risk","Medium Risk","Medium Risk"
"396","SP","OURO VERDE",36,37,37,36,35,36,35,36,34,35,34,33,34,35,34,33,"Low Risk","Low Risk","Low Risk"
"397","SP","OUROESTE",34,34,34,33,32,34,32,33,32,33,32,31,32,33,32,32,"Low Risk","Low Risk","Low Risk"
"398","SP","PACAEMBU",31,31,31,30,29,31,29,31,29,31,29,29,30,30,30,29,"Medium Risk","Low Risk","Low Risk"
"399","SP","PALESTINA",35,35,35,34,33,34,32,33,31,33,31,31,31,32,31,30,"Low Risk","Low Risk","Low Risk"
"400","SP","PALMARES PAULISTA",35,35,35,34,33,34,33,34,32,34,32,32,32,33,32,31,"Low Risk","Low Risk","Low Risk"
"401","SP","PALMEIRA D'OESTE",36,37,37,36,35,36,34,35,34,35,33,33,33,34,33,33,"Low Risk","Low Risk","Low Risk"
"402","SP","PALMITAL",27,28,28,27,26,27,26,27,25,27,25,25,25,26,26,25,"Medium Risk","Medium Risk","Medium Risk"
"403","SP","PANORAMA",36,36,36,35,34,35,33,35,33,34,33,32,33,33,33,32,"Low Risk","Low Risk","Low Risk"
"404","SP","PARAGUAÇU PAULISTA",27,28,28,27,26,27,26,27,25,27,26,25,26,27,26,25,"Medium Risk","Medium Risk","Medium Risk"
"405","SP","PARAIBUNA",19,20,20,19,19,20,19,20,18,20,18,18,19,20,19,19,"High Risk","Medium Risk","High Risk"
"406","SP","PARAÍSO",36,36,36,35,34,35,34,35,33,34,33,32,33,34,33,32,"Low Risk","Low Risk","Low Risk"
"407","SP","PARANÁ",23,24,24,23,22,23,22,23,21,23,21,21,22,22,22,21,"Medium Risk","Medium Risk","Medium Risk"
"408","SP","PARANAPANEMA",26,27,27,26,25,26,25,26,24,26,24,24,25,25,25,24,"Medium Risk","Medium Risk","Medium Risk"
"409","SP","PARANAPUÃ",36,41,42,42,40,40,38,39,37,38,36,36,36,37,36,35,"Low Risk","Low Risk","Low Risk"
"410","SP","PARAPUÃ",32,32,32,31,30,32,30,32,30,32,30,30,31,31,31,30,"Low Risk","Low Risk","Low Risk"
"411","SP","PARDINHO",18,18,18,18,17,19,17,19,18,19,18,18,19,20,20,20,"High Risk","Medium Risk","High Risk"
"412","SP","PARIQUERA-AÇU",21,22,22,21,20,21,20,21,20,21,20,20,20,21,20,20,"Medium Risk","Medium Risk","Medium Risk"
"413","SP","PARISI",35,35,35,35,34,35,34,35,34,35,34,34,34,35,34,34,"Low Risk","Low Risk","Low Risk"
"414","SP","PATROCÍNIO PAULISTA",34,34,34,33,32,33,31,32,30,32,30,30,30,31,30,29,"Low Risk","Low Risk","Low Risk"
"415","SP","PAULICÉIA",35,35,35,34,33,35,33,35,33,35,33,33,33,34,33,33,"Low Risk","Low Risk","Low Risk"
"416","SP","PAULÍNIA",18,19,19,18,17,18,17,18,16,18,16,16,16,17,17,16,"High Risk","High Risk","High Risk"
"417","SP","PAULISTÂNIA",33,33,33,32,31,33,31,33,31,32,31,31,31,32,31,31,"Low Risk","Low Risk","Low Risk"
"418","SP","PAULO DE FARIA",36,38,37,36,35,36,34,35,33,35,33,33,33,34,33,32,"Low Risk","Low Risk","Low Risk"
"419","SP","PEDERNEIRAS",28,28,28,27,26,27,26,27,25,26,25,24,25,26,25,24,"Medium Risk","Medium Risk","Medium Risk"
"420","SP","PEDRA BELA",26,27,27,26,25,26,25,26,24,26,24,24,25,25,25,24,"Medium Risk","Medium Risk","Medium Risk"
"421","SP","PEDRANÓPOLIS",36,41,42,41,39,40,38,38,36,38,36,35,36,37,36,35,"Low Risk","Low Risk","Low Risk"
"422","SP","PEDREGULHO",31,32,32,31,30,31,30,31,29,31,29,29,30,30,30,29,"Medium Risk","Low Risk","Low Risk"
"423","SP","PEDREIRA",24,24,24,23,22,24,22,23,22,23,21,21,22,22,21,21,"Medium Risk","Medium Risk","Medium Risk"
"424","SP","PEDRINHAS PAULISTA",36,39,39,38,36,37,36,37,35,36,35,34,35,35,34,34,"Low Risk","Low Risk","Low Risk"
"425","SP","PEDRO DE TOLEDO",25,25,25,24,23,24,23,24,22,24,22,22,22,23,22,22,"Medium Risk","Medium Risk","Medium Risk"
"426","SP","PENÁPOLIS",27,27,27,26,25,27,25,26,25,26,25,24,25,26,25,25,"Medium Risk","Medium Risk","Medium Risk"
"427","SP","PEREIRA BARRETO",30,31,31,30,29,30,29,30,29,30,29,28,29,30,29,29,"Medium Risk","Low Risk","Medium Risk"
"428","SP","PEREIRAS",28,28,28,27,26,27,26,27,25,26,25,24,25,26,25,25,"Medium Risk","Medium Risk","Medium Risk"
"429","SP","PERUÍBE",17,18,18,17,16,17,16,17,15,17,15,15,16,16,16,15,"High Risk","High Risk","High Risk"
"430","SP","PIACATU",36,39,39,38,36,38,36,37,35,36,35,34,35,35,35,34,"Low Risk","Low Risk","Low Risk"
"431","SP","PIEDADE",21,21,22,21,20,21,19,20,19,20,19,18,19,19,19,18,"Medium Risk","Medium Risk","Medium Risk"
"432","SP","PILAR DO SUL",24,25,25,24,23,24,22,24,22,23,22,21,22,23,22,21,"Medium Risk","Medium Risk","Medium Risk"
"433","SP","PINDAMONHANGABA",18,18,18,17,16,18,16,17,16,17,16,15,16,17,16,15,"High Risk","High Risk","High Risk"
"434","SP","PINDORAMA",30,30,30,29,28,30,28,29,28,29,28,27,28,29,28,28,"Medium Risk","Medium Risk","Medium Risk"
"435","SP","PINHALZINHO",22,22,22,21,21,22,20,22,20,22,20,20,20,21,21,20,"Medium Risk","Medium Risk","Medium Risk"
"436","SP","PIQUEROBI",35,35,35,34,33,35,33,34,33,34,33,33,33,34,33,33,"Low Risk","Low Risk","Low Risk"
"437","SP","PIQUETE",29,29,29,28,27,28,27,28,26,27,26,25,26,27,26,25,"Medium Risk","Medium Risk","Medium Risk"
"438","SP","PIRACAIA",20,21,21,20,19,20,19,20,18,20,18,18,18,19,18,18,"High Risk","High Risk","High Risk"
"439","SP","PIRACICABA",17,17,17,16,15,17,15,16,15,16,15,14,15,16,15,14,"High Risk","High Risk","High Risk"
"440","SP","PIRAJU",27,27,27,26,25,26,25,26,24,26,24,24,25,25,25,24,"Medium Risk","Medium Risk","Medium Risk"
"441","SP","PIRAJUÍ",30,31,31,30,28,30,28,29,28,29,28,27,28,28,28,27,"Medium Risk","Medium Risk","Medium Risk"
"442","SP","PIRANGI",32,33,33,32,31,32,31,32,30,32,30,30,31,31,31,30,"Low Risk","Low Risk","Low Risk"
"443","SP","PIRAPORA DO BOM JESUS",20,20,20,19,18,19,17,18,16,18,16,16,16,17,16,15,"High Risk","High Risk","High Risk"
"444","SP","PIRAPOZINHO",33,33,33,32,31,32,30,31,29,31,29,29,29,30,29,28,"Low Risk","Low Risk","Low Risk"
"445","SP","PIRASSUNUNGA",21,21,21,20,19,21,19,21,19,21,19,19,19,20,20,19,"High Risk","Medium Risk","Medium Risk"
"446","SP","PIRATININGA",30,30,30,29,28,29,28,29,27,28,27,26,27,28,27,26,"Medium Risk","Medium Risk","Medium Risk"
"447","SP","PITANGUEIRAS",32,32,32,31,30,31,29,30,29,30,28,28,28,29,28,27,"Medium Risk","Medium Risk","Medium Risk"
"448","SP","PLANALTO",36,39,39,37,36,37,35,36,34,36,34,34,34,35,34,33,"Low Risk","Low Risk","Low Risk"
"449","SP","PLATINA",36,37,37,36,35,36,35,36,34,35,34,33,34,34,34,33,"Low Risk","Low Risk","Low Risk"
"450","SP","POÁ",8,8,8,8,7,8,7,8,7,9,7,7,8,9,8,8,"High Risk","High Risk","High Risk"
"451","SP","POLONI",36,36,36,35,34,35,33,34,33,34,32,32,33,33,32,32,"Low Risk","Low Risk","Low Risk"
"452","SP","POMPÉIA",30,30,30,29,28,30,28,29,28,29,28,27,28,29,28,27,"Medium Risk","Medium Risk","Medium Risk"
"453","SP","PONGAÍ",35,36,35,34,33,35,33,34,33,34,33,32,33,34,33,32,"Low Risk","Low Risk","Low Risk"
"454","SP","PONTAL",32,33,32,31,30,31,29,30,28,29,28,27,28,28,27,26,"Medium Risk","Medium Risk","Medium Risk"
"455","SP","PONTALINDA",36,41,42,43,40,41,39,40,37,38,37,36,37,37,36,35,"Low Risk","Low Risk","Low Risk"
"456","SP","PONTES GESTAL",36,40,40,39,37,39,37,38,36,38,36,36,36,37,36,35,"Low Risk","Low Risk","Low Risk"
"457","SP","POPULINA",36,37,37,36,35,37,35,36,35,36,35,34,35,36,35,34,"Low Risk","Low Risk","Low Risk"
"458","SP","PORANGABA",23,23,23,22,21,23,21,23,21,23,21,21,21,22,22,21,"Medium Risk","Medium Risk","Medium Risk"
"459","SP","PORTO FELIZ",18,19,19,18,17,18,17,18,16,18,17,16,17,18,17,17,"High Risk","High Risk","High Risk"
"460","SP","PORTO FERREIRA",23,24,24,23,22,23,22,23,21,23,21,21,22,22,22,21,"Medium Risk","Medium Risk","Medium Risk"
"461","SP","POTIM",26,26,26,25,23,25,23,24,22,23,22,21,22,22,21,21,"Medium Risk","Medium Risk","Medium Risk"
"462","SP","POTIRENDABA",32,32,32,31,29,31,29,30,28,30,28,28,28,29,28,27,"Medium Risk","Medium Risk","Medium Risk"
"463","SP","PRACINHA",33,33,33,32,31,33,31,32,31,32,31,31,31,32,32,31,"Low Risk","Low Risk","Low Risk"
"464","SP","PRADÓPOLIS",31,31,31,30,29,30,28,29,28,29,28,27,28,28,27,27,"Medium Risk","Medium Risk","Medium Risk"
"465","SP","PRAIA GRANDE",11,12,12,11,10,11,10,11,10,11,10,9,10,11,10,10,"High Risk","High Risk","High Risk"
"466","SP","PRATÂNIA",32,32,32,31,30,31,29,31,29,30,29,28,29,29,29,28,"Medium Risk","Low Risk","Low Risk"
"467","SP","PRESIDENTE ALVES",34,35,34,33,32,34,32,33,31,33,31,31,31,32,31,31,"Low Risk","Low Risk","Low Risk"
"468","SP","PRESIDENTE BERNARDES",31,31,31,30,29,31,29,30,29,30,29,28,29,30,29,29,"Medium Risk","Low Risk","Medium Risk"
"469","SP","PRESIDENTE EPITÁCIO",28,29,29,28,27,28,27,28,26,28,26,26,27,28,27,26,"Medium Risk","Medium Risk","Medium Risk"
"470","SP","PRESIDENTE PRUDENTE",21,22,22,21,20,21,20,21,20,21,20,19,20,21,20,20,"Medium Risk","Medium Risk","Medium Risk"
"471","SP","PRESIDENTE VENCESLAU",28,28,28,27,26,28,26,27,26,27,26,25,26,27,26,26,"Medium Risk","Medium Risk","Medium Risk"
"472","SP","PROMISSÃO",29,29,29,28,27,29,27,28,27,28,27,26,27,28,27,27,"Medium Risk","Medium Risk","Medium Risk"
"473","SP","QUADRA",24,25,25,24,23,25,23,25,23,25,24,23,24,25,25,24,"Medium Risk","Medium Risk","Medium Risk"
"474","SP","QUATÁ",34,34,34,33,32,33,32,33,31,33,31,31,32,32,31,31,"Low Risk","Low Risk","Low Risk"
"475","SP","QUEIROZ",36,41,42,42,40,40,39,39,37,38,36,36,36,37,36,35,"Low Risk","Low Risk","Low Risk"
"476","SP","QUELUZ",20,20,21,20,19,20,19,20,19,20,19,19,20,20,20,20,"High Risk","Medium Risk","Medium Risk"
"477","SP","QUINTANA",35,35,35,34,33,34,33,34,32,33,32,31,32,33,32,31,"Low Risk","Low Risk","Low Risk"
"478","SP","RAFARD",29,29,29,28,27,28,27,28,26,28,26,26,26,27,26,25,"Medium Risk","Medium Risk","Medium Risk"
"479","SP","RANCHARIA",30,31,31,30,29,30,28,29,28,29,28,27,28,29,28,27,"Medium Risk","Medium Risk","Medium Risk"
"480","SP","REDENÇÃO DA SERRA",30,30,30,29,28,29,28,29,27,28,27,26,27,28,27,26,"Medium Risk","Medium Risk","Medium Risk"
"481","SP","REGENTE FEIJÓ",28,29,29,28,27,28,27,28,27,28,27,26,27,28,27,27,"Medium Risk","Medium Risk","Medium Risk"
"482","SP","REGINÓPOLIS",31,31,31,30,29,31,29,30,29,30,29,29,29,30,29,29,"Medium Risk","Low Risk","Medium Risk"
"483","SP","REGISTRO",19,19,19,18,17,19,17,18,17,18,17,16,17,18,17,17,"High Risk","High Risk","High Risk"
"484","SP","RESTINGA",32,32,32,31,30,32,30,32,30,32,30,30,31,31,31,30,"Low Risk","Low Risk","Low Risk"
"485","SP","RIBEIRA",36,41,42,44,44,45,43,44,42,43,41,40,40,41,40,39,"Low Risk","Low Risk","Low Risk"
"486","SP","RIBEIRÃO BONITO",31,32,32,30,29,31,29,30,28,30,28,28,28,29,28,28,"Medium Risk","Medium Risk","Medium Risk"
"487","SP","RIBEIRÃO BRANCO",32,33,33,31,30,32,30,31,29,31,29,29,29,30,29,29,"Low Risk","Low Risk","Low Risk"
"488","SP","RIBEIRÃO CORRENTE",36,41,42,41,38,39,37,38,36,37,35,35,35,35,34,34,"Low Risk","Low Risk","Low Risk"
"489","SP","RIBEIRÃO DO SUL",36,37,37,36,34,35,34,35,33,34,32,32,32,33,32,31,"Low Risk","Low Risk","Low Risk"
"490","SP","RIBEIRÃO DOS ÍNDIOS",36,41,42,44,41,42,40,41,39,40,38,37,38,38,37,36,"Low Risk","Low Risk","Low Risk"
"491","SP","RIBEIRÃO GRANDE",34,34,34,33,31,33,31,32,30,32,30,29,30,31,30,29,"Low Risk","Low Risk","Low Risk"
"492","SP","RIBEIRÃO PIRES",12,12,12,11,10,12,10,11,9,11,10,9,10,11,10,10,"High Risk","High Risk","High Risk"
"493","SP","RIBEIRÃO PRETO",16,17,17,16,15,16,15,16,14,16,15,14,15,16,15,15,"High Risk","High Risk","High Risk"
"494","SP","RIFAINA",32,32,32,31,30,32,30,32,30,32,31,30,31,32,31,31,"Low Risk","Low Risk","Low Risk"
"495","SP","RINCÃO",32,32,32,31,30,31,30,31,29,30,29,28,29,29,29,28,"Medium Risk","Low Risk","Low Risk"
"496","SP","RINÓPOLIS",35,35,35,34,33,34,33,34,32,34,32,32,33,33,33,32,"Low Risk","Low Risk","Low Risk"
"497","SP","RIO CLARO",19,20,20,19,18,19,18,19,17,19,17,17,18,18,18,17,"High Risk","High Risk","High Risk"
"498","SP","RIO DAS PEDRAS",26,27,27,26,25,26,24,25,23,25,23,23,23,24,23,23,"Medium Risk","Medium Risk","Medium Risk"
"499","SP","RIO DE JANEIRO (S)",20,20,20,19,18,20,18,19,18,19,18,17,18,19,18,17,"High Risk","High Risk","High Risk"
"500","SP","RIO GRANDE DA SERRA",15,15,16,15,14,15,13,14,13,14,13,12,13,14,13,13,"High Risk","High Risk","High Risk"
"501","SP","RIOLÂNDIA",36,37,37,36,35,36,34,35,34,35,33,33,33,34,33,32,"Low Risk","Low Risk","Low Risk"
"502","SP","RIVERSUL",36,37,37,36,35,36,35,36,34,35,34,33,34,35,34,33,"Low Risk","Low Risk","Low Risk"
"503","SP","ROSANA",36,41,42,44,41,42,40,41,39,40,38,37,38,38,38,37,"Low Risk","Low Risk","Low Risk"
"504","SP","ROSEIRA",19,20,20,19,19,20,19,20,19,20,19,19,20,20,20,20,"High Risk","Medium Risk","Medium Risk"
"505","SP","RUBIÁCEA",36,41,42,43,41,42,40,40,38,39,38,37,37,38,37,36,"Low Risk","Low Risk","Low Risk"
"506","SP","RUBINÉIA",36,36,36,35,34,35,34,35,33,35,33,33,34,34,34,33,"Low Risk","Low Risk","Low Risk"
"507","SP","SABINO",36,41,42,40,38,38,36,37,35,36,34,34,34,35,34,33,"Low Risk","Low Risk","Low Risk"
"508","SP","SAGRES",36,38,37,36,36,37,35,37,35,37,35,35,35,36,35,35,"Low Risk","Low Risk","Low Risk"
"509","SP","SALES",34,34,34,33,32,33,32,33,31,33,31,31,32,32,32,31,"Low Risk","Low Risk","Low Risk"
"510","SP","SALES OLIVEIRA",27,28,28,27,26,28,26,27,26,27,26,26,26,27,27,26,"Medium Risk","Medium Risk","Medium Risk"
"511","SP","SALESÓPOLIS",22,23,23,22,21,22,20,21,20,21,20,19,20,20,20,19,"Medium Risk","Medium Risk","Medium Risk"
"512","SP","SALMOURÃO",36,39,39,38,36,38,36,37,35,37,35,35,35,36,35,34,"Low Risk","Low Risk","Low Risk"
"513","SP","SALTINHO",30,31,31,29,28,29,28,29,27,28,27,26,27,28,27,26,"Medium Risk","Medium Risk","Medium Risk"
"514","SP","SALTO",18,19,19,18,17,18,17,18,16,17,16,16,16,17,16,15,"High Risk","High Risk","High Risk"
"515","SP","SALTO DE PIRAPORA",22,22,22,21,20,22,20,21,19,21,19,19,19,20,19,19,"Medium Risk","Medium Risk","Medium Risk"
"516","SP","SALTO GRANDE",31,32,32,31,30,31,29,31,29,30,29,28,29,30,29,29,"Medium Risk","Low Risk","Low Risk"
"517","SP","SANDOVALINA",36,39,39,38,37,38,36,38,36,37,36,35,36,36,36,35,"Low Risk","Low Risk","Low Risk"
"518","SP","SANTA ADÉLIA",28,29,29,28,27,28,27,28,26,28,26,26,27,27,27,26,"Medium Risk","Medium Risk","Medium Risk"
"519","SP","SANTA ALBERTINA",36,37,37,36,35,37,35,36,34,36,34,34,34,35,34,33,"Low Risk","Low Risk","Low Risk"
"520","SP","SANTA BÁRBARA D'OESTE",17,18,18,17,16,17,16,17,15,17,15,15,16,16,16,15,"High Risk","High Risk","High Risk"
"521","SP","SANTA BRANCA",23,23,24,22,21,23,21,22,21,22,21,20,21,22,21,20,"Medium Risk","Medium Risk","Medium Risk"
"522","SP","SANTA CLARA D'OESTE",36,41,42,42,39,40,38,39,37,38,36,36,36,37,36,35,"Low Risk","Low Risk","Low Risk"
"523","SP","SANTA CRUZ DA CONCEIÇÃO",26,27,27,26,25,27,25,27,25,27,25,25,26,27,26,26,"Medium Risk","Medium Risk","Medium Risk"
"524","SP","SANTA CRUZ DA ESPERANÇA",36,41,41,39,37,37,36,36,34,35,34,33,34,34,33,33,"Low Risk","Low Risk","Low Risk"
"525","SP","SANTA CRUZ DAS PALMEIRAS",30,30,30,29,28,29,27,28,27,28,26,26,27,27,26,26,"Medium Risk","Medium Risk","Medium Risk"
"526","SP","SANTA CRUZ DO RIO PARDO",21,21,21,20,20,21,19,21,19,21,19,19,20,20,20,20,"High Risk","Medium Risk","Medium Risk"
"527","SP","SANTA ERNESTINA",33,34,34,33,32,33,32,33,31,33,31,31,32,32,32,31,"Low Risk","Low Risk","Low Risk"
"528","SP","SANTA FÉ DO SUL",28,29,29,28,27,28,27,28,27,28,27,26,27,28,27,27,"Medium Risk","Medium Risk","Medium Risk"
"529","SP","SANTA GERTRUDES",25,26,26,25,23,25,23,24,23,24,22,22,23,23,23,22,"Medium Risk","Medium Risk","Medium Risk"
"530","SP","SANTA ISABEL",14,14,15,14,13,14,13,14,12,14,12,12,13,13,13,12,"High Risk","High Risk","High Risk"
"531","SP","SANTA LÚCIA",36,36,35,34,32,34,32,33,31,32,30,30,30,31,30,29,"Low Risk","Low Risk","Low Risk"
"532","SP","SANTA MARIA DA SERRA",30,30,30,29,28,30,28,29,28,29,27,27,28,28,27,27,"Medium Risk","Medium Risk","Medium Risk"
"533","SP","SANTA MERCEDES",36,36,36,35,35,36,34,36,34,36,34,34,35,35,35,34,"Low Risk","Low Risk","Low Risk"
"534","SP","SANTA RITA D'OESTE",36,39,39,38,37,38,36,38,36,37,36,35,36,36,36,35,"Low Risk","Low Risk","Low Risk"
"535","SP","SANTA RITA DO PASSA QUATRO",23,24,24,23,22,24,22,23,22,23,22,21,22,23,22,22,"Medium Risk","Medium Risk","Medium Risk"
"536","SP","SANTA ROSA DE VITERBO",30,30,30,29,28,29,28,29,27,28,27,26,27,28,27,26,"Medium Risk","Medium Risk","Medium Risk"
"537","SP","SANTA SALETE",34,34,34,33,33,34,33,34,33,35,33,33,34,35,35,34,"Low Risk","Low Risk","Low Risk"
"538","SP","SANTANA DA PONTE PENSA",36,41,42,44,41,42,40,41,39,40,38,37,38,39,38,37,"Low Risk","Low Risk","Low Risk"
"539","SP","SANTANA DE PARNAÍBA",10,11,11,10,9,10,8,10,8,10,8,8,9,9,9,9,"High Risk","High Risk","High Risk"
"540","SP","SANTO ANASTÁCIO",32,32,32,31,30,32,30,31,30,31,29,29,30,30,30,29,"Low Risk","Low Risk","Low Risk"
"541","SP","SANTO ANDRÉ",4,4,4,4,3,4,3,4,3,4,4,3,3,4,3,3,"High Risk","High Risk","High Risk"
"542","SP","SANTO ANTÔNIO DA ALEGRIA",36,37,37,36,35,36,34,35,34,35,33,33,34,34,33,33,"Low Risk","Low Risk","Low Risk"
"543","SP","SANTO ANTÔNIO DE POSSE",23,24,24,23,22,23,22,23,21,23,21,21,21,22,22,21,"Medium Risk","Medium Risk","Medium Risk"
"544","SP","SANTO ANTÔNIO DO ARACANGUÁ",36,36,36,35,33,34,33,34,32,33,32,31,32,32,32,31,"Low Risk","Low Risk","Low Risk"
"545","SP","SANTO ANTÔNIO DO JARDIM",32,32,32,31,30,32,30,31,30,31,30,29,30,31,30,30,"Low Risk","Low Risk","Low Risk"
"546","SP","SANTO ANTÔNIO DO PINHAL",25,26,26,25,24,26,24,25,24,25,24,24,24,25,25,24,"Medium Risk","Medium Risk","Medium Risk"
"547","SP","SANTO EXPEDITO",36,41,42,42,39,40,38,39,37,38,36,35,36,36,35,35,"Low Risk","Low Risk","Low Risk"
"548","SP","SANTÓPOLIS DO AGUAPEÍ",35,36,35,35,34,35,33,35,33,35,33,33,34,34,34,33,"Low Risk","Low Risk","Low Risk"
"549","SP","SANTOS",12,12,12,11,10,12,10,11,10,11,10,10,10,11,10,10,"High Risk","High Risk","High Risk"
"550","SP","SÃO BENTO DO SAPUCAÍ",27,27,27,26,25,27,25,26,25,26,25,24,25,26,25,24,"Medium Risk","Medium Risk","Medium Risk"
"551","SP","SÃO BERNARDO DO CAMPO",5,5,5,5,4,5,4,4,4,4,4,4,3,4,4,3,"High Risk","High Risk","High Risk"
"552","SP","SÃO CAETANO DO SUL",6,6,7,6,5,7,5,7,5,7,6,5,6,7,7,7,"High Risk","High Risk","High Risk"
"553","SP","SÃO CARLOS",17,18,18,17,16,17,16,17,15,17,15,15,16,17,16,15,"High Risk","High Risk","High Risk"
"554","SP","SÃO FRANCISCO",36,41,42,44,41,42,40,41,38,40,38,37,38,38,37,36,"Low Risk","Low Risk","Low Risk"
"555","SP","SÃO JOÃO DA BOA VISTA",23,23,23,22,21,23,21,23,21,23,21,21,21,22,22,21,"Medium Risk","Medium Risk","Medium Risk"
"556","SP","SÃO JOÃO DAS DUAS PONTES",36,41,42,42,39,40,38,39,36,38,36,35,36,37,36,35,"Low Risk","Low Risk","Low Risk"
"557","SP","SÃO JOÃO DE IRACEMA",36,41,42,42,40,41,39,40,37,39,37,36,37,38,37,36,"Low Risk","Low Risk","Low Risk"
"558","SP","SÃO JOÃO DO PAU D'ALHO",36,39,39,38,37,38,36,38,36,37,36,35,36,37,36,35,"Low Risk","Low Risk","Low Risk"
"559","SP","SÃO JOAQUIM DA BARRA",26,27,27,26,25,26,25,26,24,26,24,24,25,25,25,24,"Medium Risk","Medium Risk","Medium Risk"
"560","SP","SÃO JOSÉ DA BELA VISTA",36,36,36,35,34,35,33,34,32,34,32,32,32,33,32,31,"Low Risk","Low Risk","Low Risk"
"561","SP","SÃO JOSÉ DO BARREIRO",34,34,34,33,32,33,31,32,31,32,31,30,31,31,31,30,"Low Risk","Low Risk","Low Risk"
"562","SP","SÃO JOSÉ DO RIO PARDO",26,26,26,25,25,26,24,26,24,25,24,24,24,25,24,24,"Medium Risk","Medium Risk","Medium Risk"
"563","SP","SÃO JOSÉ DO RIO PRETO",17,18,18,17,16,18,16,17,16,17,16,15,16,17,16,16,"High Risk","High Risk","High Risk"
"564","SP","SÃO JOSÉ DOS CAMPOS",12,12,12,11,10,12,10,11,10,11,10,10,10,11,10,10,"High Risk","High Risk","High Risk"
"565","SP","SÃO LOURENÇO DA SERRA",17,18,18,17,16,17,16,17,15,17,15,15,15,16,16,15,"High Risk","High Risk","High Risk"
"566","SP","SÃO LUIZ DO PARAITINGA",26,27,27,26,25,26,25,26,24,26,24,24,25,25,25,24,"Medium Risk","Medium Risk","Medium Risk"
"567","SP","SÃO MANUEL",24,25,25,24,23,24,23,24,22,24,22,22,22,23,23,22,"Medium Risk","Medium Risk","Medium Risk"
"568","SP","SÃO MIGUEL ARCANJO",26,27,27,26,25,26,25,26,24,25,24,23,24,25,24,23,"Medium Risk","Medium Risk","Medium Risk"
"569","SP","SÃO PAULO",1,1,1,1,1,1,1,1,1,1,1,1,1,1,1,1,"High Risk","High Risk","High Risk"
"570","SP","SÃO PEDRO",22,23,23,22,21,22,21,22,20,22,20,20,21,22,21,20,"Medium Risk","Medium Risk","Medium Risk"
"571","SP","SÃO PEDRO DO TURVO",35,35,35,33,31,33,31,32,30,31,29,29,29,30,29,28,"Low Risk","Low Risk","Low Risk"
"572","SP","SÃO ROQUE",14,15,15,14,13,14,13,14,12,14,12,12,12,13,13,12,"High Risk","High Risk","High Risk"
"573","SP","SÃO SEBASTIÃO",19,19,19,18,18,19,17,18,17,18,17,16,17,18,17,16,"High Risk","High Risk","High Risk"
"574","SP","SÃO SEBASTIÃO DA GRAMA",30,30,30,29,28,30,28,30,28,30,28,28,28,29,29,28,"Medium Risk","Medium Risk","Medium Risk"
"575","SP","SÃO SIMÃO",25,26,26,25,24,25,24,25,24,25,24,24,24,25,24,24,"Medium Risk","Medium Risk","Medium Risk"
"576","SP","SÃO VICENTE",14,14,14,13,12,14,12,13,11,13,11,11,11,12,11,11,"High Risk","High Risk","High Risk"
"577","SP","SARAPUÍ",26,27,27,26,25,26,24,26,24,25,24,23,24,25,24,23,"Medium Risk","Medium Risk","Medium Risk"
"578","SP","SARUTAIÁ",36,36,36,35,34,35,34,35,33,34,33,32,33,33,33,32,"Low Risk","Low Risk","Low Risk"
"579","SP","SEBASTIANÓPOLIS DO SUL",36,39,39,37,36,37,35,36,34,36,34,33,34,35,34,33,"Low Risk","Low Risk","Low Risk"
"580","SP","SERRA AZUL",33,33,33,32,31,32,30,31,29,31,29,28,29,30,29,28,"Low Risk","Low Risk","Low Risk"
"581","SP","SERRA NEGRA",23,24,24,23,22,23,22,23,21,23,21,21,22,22,22,21,"Medium Risk","Medium Risk","Medium Risk"
"582","SP","SERRANA",28,28,28,27,26,27,25,26,25,26,25,24,25,25,25,24,"Medium Risk","Medium Risk","Medium Risk"
"583","SP","SERTÃOZINHO",24,25,25,24,23,24,23,24,22,24,22,22,22,23,22,22,"Medium Risk","Medium Risk","Medium Risk"
"584","SP","SETE BARRAS",28,28,28,27,26,27,26,27,25,26,25,24,25,25,25,24,"Medium Risk","Medium Risk","Medium Risk"
"585","SP","SEVERÍNIA",34,34,34,32,31,32,30,31,29,30,29,28,29,29,29,28,"Low Risk","Low Risk","Low Risk"
"586","SP","SILVEIRAS",31,32,31,30,29,31,29,30,28,30,28,28,28,29,28,27,"Medium Risk","Medium Risk","Medium Risk"
"587","SP","SOCORRO",21,21,22,21,20,21,20,21,19,21,19,19,20,20,20,19,"Medium Risk","Medium Risk","Medium Risk"
"588","SP","SOROCABA",12,13,13,12,11,12,10,12,10,11,10,10,10,11,11,10,"High Risk","High Risk","High Risk"
"589","SP","SUD MENNUCCI",34,35,35,34,33,34,33,34,32,34,32,32,32,33,33,32,"Low Risk","Low Risk","Low Risk"
"590","SP","SUMARÉ",17,17,17,16,15,16,15,16,14,16,14,14,14,15,14,14,"High Risk","High Risk","High Risk"
"591","SP","SUZANÁPOLIS",36,36,36,35,34,36,34,35,34,35,34,34,34,35,34,34,"Low Risk","Low Risk","Low Risk"
"592","SP","SUZANO",8,8,8,8,7,8,7,8,6,8,7,6,7,8,7,7,"High Risk","High Risk","High Risk"
"593","SP","TABAPUÃ",34,35,34,33,32,33,32,33,31,32,31,30,31,31,31,30,"Low Risk","Low Risk","Low Risk"
"594","SP","TABATINGA",33,33,33,32,31,32,31,32,30,32,30,30,30,31,30,29,"Low Risk","Low Risk","Low Risk"
"595","SP","TABOÃO DA SERRA",4,4,4,4,4,4,4,4,4,4,4,4,4,5,4,4,"High Risk","High Risk","High Risk"
"596","SP","TACIBA",36,36,36,35,34,35,33,34,33,34,33,32,33,33,33,32,"Low Risk","Low Risk","Low Risk"
"597","SP","TAGUAÍ",34,34,34,33,32,33,32,33,31,32,31,30,31,32,31,30,"Low Risk","Low Risk","Low Risk"
"598","SP","TAIAÇU",36,37,37,36,35,36,34,35,34,35,33,33,33,34,33,33,"Low Risk","Low Risk","Low Risk"
"599","SP","TAIÚVA",34,34,34,33,32,33,32,33,31,33,31,31,32,32,32,31,"Low Risk","Low Risk","Low Risk"
"600","SP","TAMBAÚ",29,30,30,29,28,29,27,29,27,28,27,26,27,28,27,26,"Medium Risk","Medium Risk","Medium Risk"
"601","SP","TANABI",30,30,30,29,28,29,28,29,27,28,27,27,27,28,27,26,"Medium Risk","Medium Risk","Medium Risk"
"602","SP","TAPIRAÍ",26,27,27,26,25,26,25,26,24,26,24,24,24,25,24,24,"Medium Risk","Medium Risk","Medium Risk"
"603","SP","TAPIRATIBA",30,30,30,29,28,30,28,30,28,30,28,28,28,29,29,28,"Medium Risk","Medium Risk","Medium Risk"
"604","SP","TAQUARAL",36,37,37,36,35,36,35,36,34,36,34,34,34,35,34,34,"Low Risk","Low Risk","Low Risk"
"605","SP","TAQUARITINGA",27,27,27,26,25,27,25,26,25,26,25,24,25,26,25,25,"Medium Risk","Medium Risk","Medium Risk"
"606","SP","TAQUARITUBA",29,29,29,28,27,29,27,28,27,28,27,26,27,28,27,26,"Medium Risk","Medium Risk","Medium Risk"
"607","SP","TAQUARIVAÍ",26,27,27,26,25,27,25,27,25,27,26,25,26,27,27,26,"Medium Risk","Medium Risk","Medium Risk"
"608","SP","TARABAI",36,37,37,36,35,36,34,35,33,35,33,33,33,34,33,32,"Low Risk","Low Risk","Low Risk"
"609","SP","TARUMÃ",30,31,30,30,29,30,28,30,28,29,28,28,28,29,28,28,"Medium Risk","Medium Risk","Medium Risk"
"610","SP","TATUÍ",19,19,19,18,17,19,17,18,17,18,17,16,17,18,17,16,"High Risk","High Risk","High Risk"
"611","SP","TAUBATÉ",16,16,16,15,14,16,14,15,14,15,14,13,14,15,14,14,"High Risk","High Risk","High Risk"
"612","SP","TEJUPÁ",36,36,36,35,34,35,33,34,32,34,32,32,32,33,32,31,"Low Risk","Low Risk","Low Risk"
"613","SP","TEODORO SAMPAIO",33,33,33,32,31,33,31,32,31,32,31,30,31,32,31,31,"Low Risk","Low Risk","Low Risk"
"614","SP","TERRA ROXA",36,37,37,36,35,36,34,35,34,35,34,33,34,34,33,33,"Low Risk","Low Risk","Low Risk"
"615","SP","TIETÊ",23,23,23,22,21,23,21,22,21,22,21,20,21,22,21,21,"Medium Risk","Medium Risk","Medium Risk"
"616","SP","TIMBURI",36,41,42,41,38,39,37,38,36,37,35,34,35,35,34,33,"Low Risk","Low Risk","Low Risk"
"617","SP","TORRE DE PEDRA",29,29,29,28,27,28,27,28,26,28,26,26,26,27,26,26,"Medium Risk","Medium Risk","Medium Risk"
"618","SP","TORRINHA",30,31,31,30,29,30,28,29,28,29,28,27,28,28,28,27,"Medium Risk","Medium Risk","Medium Risk"
"619","SP","TRABIJU",35,35,35,35,34,35,34,35,33,35,33,33,34,35,34,33,"Low Risk","Low Risk","Low Risk"
"620","SP","TREMEMBÉ",21,22,22,21,20,21,20,21,19,21,19,19,20,20,19,19,"Medium Risk","Medium Risk","Medium Risk"
"621","SP","TRÊS FRONTEIRAS",36,37,37,36,34,36,34,35,33,34,33,32,33,34,33,32,"Low Risk","Low Risk","Low Risk"
"622","SP","TUIUTI",26,26,26,25,24,26,24,25,24,25,24,23,24,25,24,23,"Medium Risk","Medium Risk","Medium Risk"
"623","SP","TUPÃ",28,29,29,28,27,28,27,28,26,28,26,26,27,27,27,26,"Medium Risk","Medium Risk","Medium Risk"
"624","SP","TUPI PAULISTA",31,31,31,30,30,31,29,31,29,31,29,29,30,30,30,29,"Medium Risk","Low Risk","Low Risk"
"625","SP","TURIÚBA",36,41,42,44,42,43,41,42,39,40,39,38,38,39,38,37,"Low Risk","Low Risk","Low Risk"
"626","SP","TURMALINA",36,41,42,44,41,42,40,41,39,40,38,38,38,39,38,37,"Low Risk","Low Risk","Low Risk"
"627","SP","UBARANA",36,39,39,37,35,36,35,35,33,35,33,32,33,33,33,32,"Low Risk","Low Risk","Low Risk"
"628","SP","UBATUBA",19,19,19,18,18,19,17,19,17,18,17,17,17,18,17,17,"High Risk","High Risk","High Risk"
"629","SP","UBIRAJARA",36,38,38,36,34,35,34,34,33,34,32,31,32,33,32,31,"Low Risk","Low Risk","Low Risk"
"630","SP","UCHOA",30,30,30,29,29,30,28,30,28,29,28,28,28,29,28,28,"Medium Risk","Medium Risk","Medium Risk"
"631","SP","UNIÃO PAULISTA",36,41,42,44,42,43,41,41,39,40,38,38,38,38,37,37,"Low Risk","Low Risk","Low Risk"
"632","SP","URÂNIA",32,33,33,32,31,32,31,32,30,32,30,30,31,31,31,30,"Low Risk","Low Risk","Low Risk"
"633","SP","URU",36,41,42,44,41,42,40,40,38,39,38,37,38,38,37,36,"Low Risk","Low Risk","Low Risk"
"634","SP","URUPÊS",36,37,36,35,33,34,33,34,32,33,31,31,31,32,31,30,"Low Risk","Low Risk","Low Risk"
"635","SP","VALENTIM GENTIL",32,33,32,32,31,32,30,31,30,31,30,29,30,31,30,30,"Low Risk","Low Risk","Low Risk"
"636","SP","VALINHOS",16,17,17,16,15,17,15,16,15,16,15,14,15,16,15,14,"High Risk","High Risk","High Risk"
"637","SP","VALPARAÍSO",31,31,32,31,30,31,29,31,29,30,29,29,29,30,29,29,"Medium Risk","Low Risk","Low Risk"
"638","SP","VARGEM",22,23,23,22,21,22,21,22,21,22,21,21,21,22,22,21,"Medium Risk","Medium Risk","Medium Risk"
"639","SP","VARGEM GRANDE DO SUL",27,27,28,27,26,27,25,27,25,26,25,24,25,26,25,25,"Medium Risk","Medium Risk","Medium Risk"
"640","SP","VARGEM GRANDE PAULISTA",14,14,15,14,13,14,12,14,12,13,12,12,12,13,12,12,"High Risk","High Risk","High Risk"
"641","SP","VÁRZEA PAULISTA",16,17,17,16,14,16,14,15,13,15,13,13,13,14,13,13,"High Risk","High Risk","High Risk"
"642","SP","VERA CRUZ",32,33,33,31,30,32,30,31,29,31,29,29,29,30,29,29,"Low Risk","Low Risk","Low Risk"
"643","SP","VINHEDO",16,17,17,16,15,16,15,16,14,16,15,14,15,16,15,15,"High Risk","High Risk","High Risk"
"644","SP","VIRADOURO",34,34,34,33,32,33,32,33,31,32,31,30,31,32,31,30,"Low Risk","Low Risk","Low Risk"
"645","SP","VISTA ALEGRE DO ALTO",34,34,34,33,32,33,32,33,31,33,31,31,31,32,31,31,"Low Risk","Low Risk","Low Risk"
"646","SP","VITÓRIA BRASIL",36,37,37,36,35,37,35,37,35,37,36,35,36,37,36,36,"Low Risk","Low Risk","Low Risk"
"647","SP","VOTORANTIM",18,19,19,18,17,18,16,18,16,17,16,15,16,17,16,15,"High Risk","High Risk","High Risk"
"648","SP","VOTUPORANGA",25,26,26,25,24,25,24,25,24,25,24,23,24,25,24,24,"Medium Risk","Medium Risk","Medium Risk"
"649","SP","ZACARIAS",36,39,39,38,37,38,36,37,36,37,36,35,36,36,35,35,"Low Risk","Low Risk","Low Risk"
