,UF.id,UF.nome,UF.regiao.id,UF.regiao.nome,UF.regiao.sigla,UF.sigla,id,nome
0,11,Rondônia,1,Norte,N,RO,1101,Madeira-Guaporé
1,11,Rondônia,1,Norte,N,RO,1101,Madeira-Guaporé
2,11,Rondônia,1,Norte,N,RO,1102,Leste Rondoniense
3,11,Rondônia,1,Norte,N,RO,1102,Leste Rondoniense
4,11,Rondônia,1,Norte,N,RO,1102,Leste Rondoniense
5,11,Rondônia,1,Norte,N,RO,1102,Leste Rondoniense
6,11,Rondônia,1,Norte,N,RO,1102,Leste Rondoniense
7,11,Rondônia,1,Norte,N,RO,1102,Leste Rondoniense
8,12,Acre,1,Norte,N,AC,1201,Vale do Juruá
9,12,Acre,1,Norte,N,AC,1201,Vale do Juruá
10,12,Acre,1,Norte,N,AC,1202,Vale do Acre
11,12,Acre,1,Norte,N,AC,1202,Vale do Acre
12,12,Acre,1,Norte,N,AC,1202,Vale do Acre
13,13,Amazonas,1,Norte,N,AM,1301,Norte Amazonense
14,13,Amazonas,1,Norte,N,AM,1301,Norte Amazonense
15,13,Amazonas,1,Norte,N,AM,1302,Sudoeste Amazonense
16,13,Amazonas,1,Norte,N,AM,1302,Sudoeste Amazonense
17,13,Amazonas,1,Norte,N,AM,1303,Centro Amazonense
18,13,Amazonas,1,Norte,N,AM,1303,Centro Amazonense
19,13,Amazonas,1,Norte,N,AM,1303,Centro Amazonense
20,13,Amazonas,1,Norte,N,AM,1303,Centro Amazonense
21,13,Amazonas,1,Norte,N,AM,1303,Centro Amazonense
22,13,Amazonas,1,Norte,N,AM,1303,Centro Amazonense
23,13,Amazonas,1,Norte,N,AM,1304,Sul Amazonense
24,13,Amazonas,1,Norte,N,AM,1304,Sul Amazonense
25,13,Amazonas,1,Norte,N,AM,1304,Sul Amazonense
26,14,Roraima,1,Norte,N,RR,1401,Norte de Roraima
27,14,Roraima,1,Norte,N,RR,1401,Norte de Roraima
28,14,Roraima,1,Norte,N,RR,1402,Sul de Roraima
29,14,Roraima,1,Norte,N,RR,1402,Sul de Roraima
30,15,Pará,1,Norte,N,PA,1501,Baixo Amazonas
31,15,Pará,1,Norte,N,PA,1501,Baixo Amazonas
32,15,Pará,1,Norte,N,PA,1501,Baixo Amazonas
33,15,Pará,1,Norte,N,PA,1502,Marajó
34,15,Pará,1,Norte,N,PA,1502,Marajó
35,15,Pará,1,Norte,N,PA,1502,Marajó
36,15,Pará,1,Norte,N,PA,1503,Metropolitana de Belém
37,15,Pará,1,Norte,N,PA,1503,Metropolitana de Belém
38,15,Pará,1,Norte,N,PA,1504,Nordeste Paraense
39,15,Pará,1,Norte,N,PA,1504,Nordeste Paraense
40,15,Pará,1,Norte,N,PA,1504,Nordeste Paraense
41,15,Pará,1,Norte,N,PA,1504,Nordeste Paraense
42,15,Pará,1,Norte,N,PA,1504,Nordeste Paraense
43,15,Pará,1,Norte,N,PA,1505,Sudoeste Paraense
44,15,Pará,1,Norte,N,PA,1505,Sudoeste Paraense
45,15,Pará,1,Norte,N,PA,1506,Sudeste Paraense
46,15,Pará,1,Norte,N,PA,1506,Sudeste Paraense
47,15,Pará,1,Norte,N,PA,1506,Sudeste Paraense
48,15,Pará,1,Norte,N,PA,1506,Sudeste Paraense
49,15,Pará,1,Norte,N,PA,1506,Sudeste Paraense
50,15,Pará,1,Norte,N,PA,1506,Sudeste Paraense
51,15,Pará,1,Norte,N,PA,1506,Sudeste Paraense
52,16,Amapá,1,Norte,N,AP,1601,Norte do Amapá
53,16,Amapá,1,Norte,N,AP,1601,Norte do Amapá
54,16,Amapá,1,Norte,N,AP,1602,Sul do Amapá
55,16,Amapá,1,Norte,N,AP,1602,Sul do Amapá
56,17,Tocantins,1,Norte,N,TO,1701,Ocidental do Tocantins
57,17,Tocantins,1,Norte,N,TO,1701,Ocidental do Tocantins
58,17,Tocantins,1,Norte,N,TO,1701,Ocidental do Tocantins
59,17,Tocantins,1,Norte,N,TO,1701,Ocidental do Tocantins
60,17,Tocantins,1,Norte,N,TO,1701,Ocidental do Tocantins
61,17,Tocantins,1,Norte,N,TO,1702,Oriental do Tocantins
62,17,Tocantins,1,Norte,N,TO,1702,Oriental do Tocantins
63,17,Tocantins,1,Norte,N,TO,1702,Oriental do Tocantins
64,21,Maranhão,2,Nordeste,NE,MA,2101,Norte Maranhense
65,21,Maranhão,2,Nordeste,NE,MA,2101,Norte Maranhense
66,21,Maranhão,2,Nordeste,NE,MA,2101,Norte Maranhense
67,21,Maranhão,2,Nordeste,NE,MA,2101,Norte Maranhense
68,21,Maranhão,2,Nordeste,NE,MA,2101,Norte Maranhense
69,21,Maranhão,2,Nordeste,NE,MA,2101,Norte Maranhense
70,21,Maranhão,2,Nordeste,NE,MA,2102,Oeste Maranhense
71,21,Maranhão,2,Nordeste,NE,MA,2102,Oeste Maranhense
72,21,Maranhão,2,Nordeste,NE,MA,2102,Oeste Maranhense
73,21,Maranhão,2,Nordeste,NE,MA,2103,Centro Maranhense
74,21,Maranhão,2,Nordeste,NE,MA,2103,Centro Maranhense
75,21,Maranhão,2,Nordeste,NE,MA,2103,Centro Maranhense
76,21,Maranhão,2,Nordeste,NE,MA,2104,Leste Maranhense
77,21,Maranhão,2,Nordeste,NE,MA,2104,Leste Maranhense
78,21,Maranhão,2,Nordeste,NE,MA,2104,Leste Maranhense
79,21,Maranhão,2,Nordeste,NE,MA,2104,Leste Maranhense
80,21,Maranhão,2,Nordeste,NE,MA,2104,Leste Maranhense
81,21,Maranhão,2,Nordeste,NE,MA,2104,Leste Maranhense
82,21,Maranhão,2,Nordeste,NE,MA,2105,Sul Maranhense
83,21,Maranhão,2,Nordeste,NE,MA,2105,Sul Maranhense
84,21,Maranhão,2,Nordeste,NE,MA,2105,Sul Maranhense
85,22,Piauí,2,Nordeste,NE,PI,2201,Norte Piauiense
86,22,Piauí,2,Nordeste,NE,PI,2201,Norte Piauiense
87,22,Piauí,2,Nordeste,NE,PI,2202,Centro-Norte Piauiense
88,22,Piauí,2,Nordeste,NE,PI,2202,Centro-Norte Piauiense
89,22,Piauí,2,Nordeste,NE,PI,2202,Centro-Norte Piauiense
90,22,Piauí,2,Nordeste,NE,PI,2202,Centro-Norte Piauiense
91,22,Piauí,2,Nordeste,NE,PI,2203,Sudoeste Piauiense
92,22,Piauí,2,Nordeste,NE,PI,2203,Sudoeste Piauiense
93,22,Piauí,2,Nordeste,NE,PI,2203,Sudoeste Piauiense
94,22,Piauí,2,Nordeste,NE,PI,2203,Sudoeste Piauiense
95,22,Piauí,2,Nordeste,NE,PI,2203,Sudoeste Piauiense
96,22,Piauí,2,Nordeste,NE,PI,2203,Sudoeste Piauiense
97,22,Piauí,2,Nordeste,NE,PI,2204,Sudeste Piauiense
98,22,Piauí,2,Nordeste,NE,PI,2204,Sudeste Piauiense
99,22,Piauí,2,Nordeste,NE,PI,2204,Sudeste Piauiense
100,23,Ceará,2,Nordeste,NE,CE,2301,Noroeste Cearense
101,23,Ceará,2,Nordeste,NE,CE,2301,Noroeste Cearense
102,23,Ceará,2,Nordeste,NE,CE,2301,Noroeste Cearense
103,23,Ceará,2,Nordeste,NE,CE,2301,Noroeste Cearense
104,23,Ceará,2,Nordeste,NE,CE,2301,Noroeste Cearense
105,23,Ceará,2,Nordeste,NE,CE,2301,Noroeste Cearense
106,23,Ceará,2,Nordeste,NE,CE,2301,Noroeste Cearense
107,23,Ceará,2,Nordeste,NE,CE,2302,Norte Cearense
108,23,Ceará,2,Nordeste,NE,CE,2302,Norte Cearense
109,23,Ceará,2,Nordeste,NE,CE,2302,Norte Cearense
110,23,Ceará,2,Nordeste,NE,CE,2302,Norte Cearense
111,23,Ceará,2,Nordeste,NE,CE,2302,Norte Cearense
112,23,Ceará,2,Nordeste,NE,CE,2302,Norte Cearense
113,23,Ceará,2,Nordeste,NE,CE,2302,Norte Cearense
114,23,Ceará,2,Nordeste,NE,CE,2302,Norte Cearense
115,23,Ceará,2,Nordeste,NE,CE,2303,Metropolitana de Fortaleza
116,23,Ceará,2,Nordeste,NE,CE,2303,Metropolitana de Fortaleza
117,23,Ceará,2,Nordeste,NE,CE,2304,Sertões Cearenses
118,23,Ceará,2,Nordeste,NE,CE,2304,Sertões Cearenses
119,23,Ceará,2,Nordeste,NE,CE,2304,Sertões Cearenses
120,23,Ceará,2,Nordeste,NE,CE,2304,Sertões Cearenses
121,23,Ceará,2,Nordeste,NE,CE,2305,Jaguaribe
122,23,Ceará,2,Nordeste,NE,CE,2305,Jaguaribe
123,23,Ceará,2,Nordeste,NE,CE,2305,Jaguaribe
124,23,Ceará,2,Nordeste,NE,CE,2305,Jaguaribe
125,23,Ceará,2,Nordeste,NE,CE,2306,Centro-Sul Cearense
126,23,Ceará,2,Nordeste,NE,CE,2306,Centro-Sul Cearense
127,23,Ceará,2,Nordeste,NE,CE,2306,Centro-Sul Cearense
128,23,Ceará,2,Nordeste,NE,CE,2307,Sul Cearense
129,23,Ceará,2,Nordeste,NE,CE,2307,Sul Cearense
130,23,Ceará,2,Nordeste,NE,CE,2307,Sul Cearense
131,23,Ceará,2,Nordeste,NE,CE,2307,Sul Cearense
132,23,Ceará,2,Nordeste,NE,CE,2307,Sul Cearense
133,24,Rio Grande do Norte,2,Nordeste,NE,RN,2401,Oeste Potiguar
134,24,Rio Grande do Norte,2,Nordeste,NE,RN,2401,Oeste Potiguar
135,24,Rio Grande do Norte,2,Nordeste,NE,RN,2401,Oeste Potiguar
136,24,Rio Grande do Norte,2,Nordeste,NE,RN,2401,Oeste Potiguar
137,24,Rio Grande do Norte,2,Nordeste,NE,RN,2401,Oeste Potiguar
138,24,Rio Grande do Norte,2,Nordeste,NE,RN,2401,Oeste Potiguar
139,24,Rio Grande do Norte,2,Nordeste,NE,RN,2401,Oeste Potiguar
140,24,Rio Grande do Norte,2,Nordeste,NE,RN,2402,Central Potiguar
141,24,Rio Grande do Norte,2,Nordeste,NE,RN,2402,Central Potiguar
142,24,Rio Grande do Norte,2,Nordeste,NE,RN,2402,Central Potiguar
143,24,Rio Grande do Norte,2,Nordeste,NE,RN,2402,Central Potiguar
144,24,Rio Grande do Norte,2,Nordeste,NE,RN,2402,Central Potiguar
145,24,Rio Grande do Norte,2,Nordeste,NE,RN,2403,Agreste Potiguar
146,24,Rio Grande do Norte,2,Nordeste,NE,RN,2403,Agreste Potiguar
147,24,Rio Grande do Norte,2,Nordeste,NE,RN,2403,Agreste Potiguar
148,24,Rio Grande do Norte,2,Nordeste,NE,RN,2404,Leste Potiguar
149,24,Rio Grande do Norte,2,Nordeste,NE,RN,2404,Leste Potiguar
150,24,Rio Grande do Norte,2,Nordeste,NE,RN,2404,Leste Potiguar
151,24,Rio Grande do Norte,2,Nordeste,NE,RN,2404,Leste Potiguar
152,25,Paraíba,2,Nordeste,NE,PB,2501,Sertão Paraibano
153,25,Paraíba,2,Nordeste,NE,PB,2501,Sertão Paraibano
154,25,Paraíba,2,Nordeste,NE,PB,2501,Sertão Paraibano
155,25,Paraíba,2,Nordeste,NE,PB,2501,Sertão Paraibano
156,25,Paraíba,2,Nordeste,NE,PB,2501,Sertão Paraibano
157,25,Paraíba,2,Nordeste,NE,PB,2501,Sertão Paraibano
158,25,Paraíba,2,Nordeste,NE,PB,2501,Sertão Paraibano
159,25,Paraíba,2,Nordeste,NE,PB,2502,Borborema
160,25,Paraíba,2,Nordeste,NE,PB,2502,Borborema
161,25,Paraíba,2,Nordeste,NE,PB,2502,Borborema
162,25,Paraíba,2,Nordeste,NE,PB,2502,Borborema
163,25,Paraíba,2,Nordeste,NE,PB,2503,Agreste Paraibano
164,25,Paraíba,2,Nordeste,NE,PB,2503,Agreste Paraibano
165,25,Paraíba,2,Nordeste,NE,PB,2503,Agreste Paraibano
166,25,Paraíba,2,Nordeste,NE,PB,2503,Agreste Paraibano
167,25,Paraíba,2,Nordeste,NE,PB,2503,Agreste Paraibano
168,25,Paraíba,2,Nordeste,NE,PB,2503,Agreste Paraibano
169,25,Paraíba,2,Nordeste,NE,PB,2503,Agreste Paraibano
170,25,Paraíba,2,Nordeste,NE,PB,2503,Agreste Paraibano
171,25,Paraíba,2,Nordeste,NE,PB,2504,Mata Paraibana
172,25,Paraíba,2,Nordeste,NE,PB,2504,Mata Paraibana
173,25,Paraíba,2,Nordeste,NE,PB,2504,Mata Paraibana
174,25,Paraíba,2,Nordeste,NE,PB,2504,Mata Paraibana
175,26,Pernambuco,2,Nordeste,NE,PE,2601,Sertão Pernambucano
176,26,Pernambuco,2,Nordeste,NE,PE,2601,Sertão Pernambucano
177,26,Pernambuco,2,Nordeste,NE,PE,2601,Sertão Pernambucano
178,26,Pernambuco,2,Nordeste,NE,PE,2601,Sertão Pernambucano
179,26,Pernambuco,2,Nordeste,NE,PE,2602,São Francisco Pernambucano
180,26,Pernambuco,2,Nordeste,NE,PE,2602,São Francisco Pernambucano
181,26,Pernambuco,2,Nordeste,NE,PE,2603,Agreste Pernambucano
182,26,Pernambuco,2,Nordeste,NE,PE,2603,Agreste Pernambucano
183,26,Pernambuco,2,Nordeste,NE,PE,2603,Agreste Pernambucano
184,26,Pernambuco,2,Nordeste,NE,PE,2603,Agreste Pernambucano
185,26,Pernambuco,2,Nordeste,NE,PE,2603,Agreste Pernambucano
186,26,Pernambuco,2,Nordeste,NE,PE,2603,Agreste Pernambucano
187,26,Pernambuco,2,Nordeste,NE,PE,2604,Mata Pernambucana
188,26,Pernambuco,2,Nordeste,NE,PE,2604,Mata Pernambucana
189,26,Pernambuco,2,Nordeste,NE,PE,2604,Mata Pernambucana
190,26,Pernambuco,2,Nordeste,NE,PE,2605,Metropolitana de Recife
191,26,Pernambuco,2,Nordeste,NE,PE,2605,Metropolitana de Recife
192,26,Pernambuco,2,Nordeste,NE,PE,2605,Metropolitana de Recife
193,26,Pernambuco,2,Nordeste,NE,PE,2605,Metropolitana de Recife
194,27,Alagoas,2,Nordeste,NE,AL,2701,Sertão Alagoano
195,27,Alagoas,2,Nordeste,NE,AL,2701,Sertão Alagoano
196,27,Alagoas,2,Nordeste,NE,AL,2701,Sertão Alagoano
197,27,Alagoas,2,Nordeste,NE,AL,2701,Sertão Alagoano
198,27,Alagoas,2,Nordeste,NE,AL,2702,Agreste Alagoano
199,27,Alagoas,2,Nordeste,NE,AL,2702,Agreste Alagoano
200,27,Alagoas,2,Nordeste,NE,AL,2702,Agreste Alagoano
201,27,Alagoas,2,Nordeste,NE,AL,2703,Leste Alagoano
202,27,Alagoas,2,Nordeste,NE,AL,2703,Leste Alagoano
203,27,Alagoas,2,Nordeste,NE,AL,2703,Leste Alagoano
204,27,Alagoas,2,Nordeste,NE,AL,2703,Leste Alagoano
205,27,Alagoas,2,Nordeste,NE,AL,2703,Leste Alagoano
206,27,Alagoas,2,Nordeste,NE,AL,2703,Leste Alagoano
207,28,Sergipe,2,Nordeste,NE,SE,2801,Sertão Sergipano
208,28,Sergipe,2,Nordeste,NE,SE,2801,Sertão Sergipano
209,28,Sergipe,2,Nordeste,NE,SE,2802,Agreste Sergipano
210,28,Sergipe,2,Nordeste,NE,SE,2802,Agreste Sergipano
211,28,Sergipe,2,Nordeste,NE,SE,2802,Agreste Sergipano
212,28,Sergipe,2,Nordeste,NE,SE,2802,Agreste Sergipano
213,28,Sergipe,2,Nordeste,NE,SE,2803,Leste Sergipano
214,28,Sergipe,2,Nordeste,NE,SE,2803,Leste Sergipano
215,28,Sergipe,2,Nordeste,NE,SE,2803,Leste Sergipano
216,28,Sergipe,2,Nordeste,NE,SE,2803,Leste Sergipano
217,28,Sergipe,2,Nordeste,NE,SE,2803,Leste Sergipano
218,28,Sergipe,2,Nordeste,NE,SE,2803,Leste Sergipano
219,28,Sergipe,2,Nordeste,NE,SE,2803,Leste Sergipano
220,29,Bahia,2,Nordeste,NE,BA,2901,Extremo Oeste Baiano
221,29,Bahia,2,Nordeste,NE,BA,2901,Extremo Oeste Baiano
222,29,Bahia,2,Nordeste,NE,BA,2901,Extremo Oeste Baiano
223,29,Bahia,2,Nordeste,NE,BA,2902,Vale São-Franciscano da Bahia
224,29,Bahia,2,Nordeste,NE,BA,2902,Vale São-Franciscano da Bahia
225,29,Bahia,2,Nordeste,NE,BA,2902,Vale São-Franciscano da Bahia
226,29,Bahia,2,Nordeste,NE,BA,2902,Vale São-Franciscano da Bahia
227,29,Bahia,2,Nordeste,NE,BA,2903,Centro Norte Baiano
228,29,Bahia,2,Nordeste,NE,BA,2903,Centro Norte Baiano
229,29,Bahia,2,Nordeste,NE,BA,2903,Centro Norte Baiano
230,29,Bahia,2,Nordeste,NE,BA,2903,Centro Norte Baiano
231,29,Bahia,2,Nordeste,NE,BA,2903,Centro Norte Baiano
232,29,Bahia,2,Nordeste,NE,BA,2904,Nordeste Baiano
233,29,Bahia,2,Nordeste,NE,BA,2904,Nordeste Baiano
234,29,Bahia,2,Nordeste,NE,BA,2904,Nordeste Baiano
235,29,Bahia,2,Nordeste,NE,BA,2904,Nordeste Baiano
236,29,Bahia,2,Nordeste,NE,BA,2904,Nordeste Baiano
237,29,Bahia,2,Nordeste,NE,BA,2904,Nordeste Baiano
238,29,Bahia,2,Nordeste,NE,BA,2905,Metropolitana de Salvador
239,29,Bahia,2,Nordeste,NE,BA,2905,Metropolitana de Salvador
240,29,Bahia,2,Nordeste,NE,BA,2905,Metropolitana de Salvador
241,29,Bahia,2,Nordeste,NE,BA,2906,Centro Sul Baiano
242,29,Bahia,2,Nordeste,NE,BA,2906,Centro Sul Baiano
243,29,Bahia,2,Nordeste,NE,BA,2906,Centro Sul Baiano
244,29,Bahia,2,Nordeste,NE,BA,2906,Centro Sul Baiano
245,29,Bahia,2,Nordeste,NE,BA,2906,Centro Sul Baiano
246,29,Bahia,2,Nordeste,NE,BA,2906,Centro Sul Baiano
247,29,Bahia,2,Nordeste,NE,BA,2906,Centro Sul Baiano
248,29,Bahia,2,Nordeste,NE,BA,2906,Centro Sul Baiano
249,29,Bahia,2,Nordeste,NE,BA,2907,Sul Baiano
250,29,Bahia,2,Nordeste,NE,BA,2907,Sul Baiano
251,29,Bahia,2,Nordeste,NE,BA,2907,Sul Baiano
252,31,Minas Gerais,3,Sudeste,SE,MG,3101,Noroeste de Minas
253,31,Minas Gerais,3,Sudeste,SE,MG,3101,Noroeste de Minas
254,31,Minas Gerais,3,Sudeste,SE,MG,3102,Norte de Minas
255,31,Minas Gerais,3,Sudeste,SE,MG,3102,Norte de Minas
256,31,Minas Gerais,3,Sudeste,SE,MG,3102,Norte de Minas
257,31,Minas Gerais,3,Sudeste,SE,MG,3102,Norte de Minas
258,31,Minas Gerais,3,Sudeste,SE,MG,3102,Norte de Minas
259,31,Minas Gerais,3,Sudeste,SE,MG,3102,Norte de Minas
260,31,Minas Gerais,3,Sudeste,SE,MG,3102,Norte de Minas
261,31,Minas Gerais,3,Sudeste,SE,MG,3103,Jequitinhonha
262,31,Minas Gerais,3,Sudeste,SE,MG,3103,Jequitinhonha
263,31,Minas Gerais,3,Sudeste,SE,MG,3103,Jequitinhonha
264,31,Minas Gerais,3,Sudeste,SE,MG,3103,Jequitinhonha
265,31,Minas Gerais,3,Sudeste,SE,MG,3103,Jequitinhonha
266,31,Minas Gerais,3,Sudeste,SE,MG,3104,Vale do Mucuri
267,31,Minas Gerais,3,Sudeste,SE,MG,3104,Vale do Mucuri
268,31,Minas Gerais,3,Sudeste,SE,MG,3105,Triângulo Mineiro/Alto Paranaíba
269,31,Minas Gerais,3,Sudeste,SE,MG,3105,Triângulo Mineiro/Alto Paranaíba
270,31,Minas Gerais,3,Sudeste,SE,MG,3105,Triângulo Mineiro/Alto Paranaíba
271,31,Minas Gerais,3,Sudeste,SE,MG,3105,Triângulo Mineiro/Alto Paranaíba
272,31,Minas Gerais,3,Sudeste,SE,MG,3105,Triângulo Mineiro/Alto Paranaíba
273,31,Minas Gerais,3,Sudeste,SE,MG,3105,Triângulo Mineiro/Alto Paranaíba
274,31,Minas Gerais,3,Sudeste,SE,MG,3105,Triângulo Mineiro/Alto Paranaíba
275,31,Minas Gerais,3,Sudeste,SE,MG,3106,Central Mineira
276,31,Minas Gerais,3,Sudeste,SE,MG,3106,Central Mineira
277,31,Minas Gerais,3,Sudeste,SE,MG,3106,Central Mineira
278,31,Minas Gerais,3,Sudeste,SE,MG,3107,Metropolitana de Belo Horizonte
279,31,Minas Gerais,3,Sudeste,SE,MG,3107,Metropolitana de Belo Horizonte
280,31,Minas Gerais,3,Sudeste,SE,MG,3107,Metropolitana de Belo Horizonte
281,31,Minas Gerais,3,Sudeste,SE,MG,3107,Metropolitana de Belo Horizonte
282,31,Minas Gerais,3,Sudeste,SE,MG,3107,Metropolitana de Belo Horizonte
283,31,Minas Gerais,3,Sudeste,SE,MG,3107,Metropolitana de Belo Horizonte
284,31,Minas Gerais,3,Sudeste,SE,MG,3107,Metropolitana de Belo Horizonte
285,31,Minas Gerais,3,Sudeste,SE,MG,3107,Metropolitana de Belo Horizonte
286,31,Minas Gerais,3,Sudeste,SE,MG,3108,Vale do Rio Doce
287,31,Minas Gerais,3,Sudeste,SE,MG,3108,Vale do Rio Doce
288,31,Minas Gerais,3,Sudeste,SE,MG,3108,Vale do Rio Doce
289,31,Minas Gerais,3,Sudeste,SE,MG,3108,Vale do Rio Doce
290,31,Minas Gerais,3,Sudeste,SE,MG,3108,Vale do Rio Doce
291,31,Minas Gerais,3,Sudeste,SE,MG,3108,Vale do Rio Doce
292,31,Minas Gerais,3,Sudeste,SE,MG,3108,Vale do Rio Doce
293,31,Minas Gerais,3,Sudeste,SE,MG,3109,Oeste de Minas
294,31,Minas Gerais,3,Sudeste,SE,MG,3109,Oeste de Minas
295,31,Minas Gerais,3,Sudeste,SE,MG,3109,Oeste de Minas
296,31,Minas Gerais,3,Sudeste,SE,MG,3109,Oeste de Minas
297,31,Minas Gerais,3,Sudeste,SE,MG,3109,Oeste de Minas
298,31,Minas Gerais,3,Sudeste,SE,MG,3110,Sul/Sudoeste de Minas
299,31,Minas Gerais,3,Sudeste,SE,MG,3110,Sul/Sudoeste de Minas
300,31,Minas Gerais,3,Sudeste,SE,MG,3110,Sul/Sudoeste de Minas
301,31,Minas Gerais,3,Sudeste,SE,MG,3110,Sul/Sudoeste de Minas
302,31,Minas Gerais,3,Sudeste,SE,MG,3110,Sul/Sudoeste de Minas
303,31,Minas Gerais,3,Sudeste,SE,MG,3110,Sul/Sudoeste de Minas
304,31,Minas Gerais,3,Sudeste,SE,MG,3110,Sul/Sudoeste de Minas
305,31,Minas Gerais,3,Sudeste,SE,MG,3110,Sul/Sudoeste de Minas
306,31,Minas Gerais,3,Sudeste,SE,MG,3110,Sul/Sudoeste de Minas
307,31,Minas Gerais,3,Sudeste,SE,MG,3110,Sul/Sudoeste de Minas
308,31,Minas Gerais,3,Sudeste,SE,MG,3111,Campo das Vertentes
309,31,Minas Gerais,3,Sudeste,SE,MG,3111,Campo das Vertentes
310,31,Minas Gerais,3,Sudeste,SE,MG,3111,Campo das Vertentes
311,31,Minas Gerais,3,Sudeste,SE,MG,3112,Zona da Mata
312,31,Minas Gerais,3,Sudeste,SE,MG,3112,Zona da Mata
313,31,Minas Gerais,3,Sudeste,SE,MG,3112,Zona da Mata
314,31,Minas Gerais,3,Sudeste,SE,MG,3112,Zona da Mata
315,31,Minas Gerais,3,Sudeste,SE,MG,3112,Zona da Mata
316,31,Minas Gerais,3,Sudeste,SE,MG,3112,Zona da Mata
317,31,Minas Gerais,3,Sudeste,SE,MG,3112,Zona da Mata
318,32,Espírito Santo,3,Sudeste,SE,ES,3201,Noroeste Espírito-santense
319,32,Espírito Santo,3,Sudeste,SE,ES,3201,Noroeste Espírito-santense
320,32,Espírito Santo,3,Sudeste,SE,ES,3201,Noroeste Espírito-santense
321,32,Espírito Santo,3,Sudeste,SE,ES,3202,Litoral Norte Espírito-santense
322,32,Espírito Santo,3,Sudeste,SE,ES,3202,Litoral Norte Espírito-santense
323,32,Espírito Santo,3,Sudeste,SE,ES,3202,Litoral Norte Espírito-santense
324,32,Espírito Santo,3,Sudeste,SE,ES,3203,Central Espírito-santense
325,32,Espírito Santo,3,Sudeste,SE,ES,3203,Central Espírito-santense
326,32,Espírito Santo,3,Sudeste,SE,ES,3203,Central Espírito-santense
327,32,Espírito Santo,3,Sudeste,SE,ES,3203,Central Espírito-santense
328,32,Espírito Santo,3,Sudeste,SE,ES,3204,Sul Espírito-santense
329,32,Espírito Santo,3,Sudeste,SE,ES,3204,Sul Espírito-santense
330,32,Espírito Santo,3,Sudeste,SE,ES,3204,Sul Espírito-santense
331,33,Rio de Janeiro,3,Sudeste,SE,RJ,3301,Noroeste Fluminense
332,33,Rio de Janeiro,3,Sudeste,SE,RJ,3301,Noroeste Fluminense
333,33,Rio de Janeiro,3,Sudeste,SE,RJ,3302,Norte Fluminense
334,33,Rio de Janeiro,3,Sudeste,SE,RJ,3302,Norte Fluminense
335,33,Rio de Janeiro,3,Sudeste,SE,RJ,3303,Centro Fluminense
336,33,Rio de Janeiro,3,Sudeste,SE,RJ,3303,Centro Fluminense
337,33,Rio de Janeiro,3,Sudeste,SE,RJ,3303,Centro Fluminense
338,33,Rio de Janeiro,3,Sudeste,SE,RJ,3303,Centro Fluminense
339,33,Rio de Janeiro,3,Sudeste,SE,RJ,3304,Baixadas
340,33,Rio de Janeiro,3,Sudeste,SE,RJ,3304,Baixadas
341,33,Rio de Janeiro,3,Sudeste,SE,RJ,3305,Sul Fluminense
342,33,Rio de Janeiro,3,Sudeste,SE,RJ,3305,Sul Fluminense
343,33,Rio de Janeiro,3,Sudeste,SE,RJ,3305,Sul Fluminense
344,33,Rio de Janeiro,3,Sudeste,SE,RJ,3306,Metropolitana do Rio de Janeiro
345,33,Rio de Janeiro,3,Sudeste,SE,RJ,3306,Metropolitana do Rio de Janeiro
346,33,Rio de Janeiro,3,Sudeste,SE,RJ,3306,Metropolitana do Rio de Janeiro
347,33,Rio de Janeiro,3,Sudeste,SE,RJ,3306,Metropolitana do Rio de Janeiro
348,33,Rio de Janeiro,3,Sudeste,SE,RJ,3306,Metropolitana do Rio de Janeiro
349,35,São Paulo,3,Sudeste,SE,SP,3501,São José do Rio Preto
350,35,São Paulo,3,Sudeste,SE,SP,3501,São José do Rio Preto
351,35,São Paulo,3,Sudeste,SE,SP,3501,São José do Rio Preto
352,35,São Paulo,3,Sudeste,SE,SP,3501,São José do Rio Preto
353,35,São Paulo,3,Sudeste,SE,SP,3501,São José do Rio Preto
354,35,São Paulo,3,Sudeste,SE,SP,3501,São José do Rio Preto
355,35,São Paulo,3,Sudeste,SE,SP,3501,São José do Rio Preto
356,35,São Paulo,3,Sudeste,SE,SP,3501,São José do Rio Preto
357,35,São Paulo,3,Sudeste,SE,SP,3502,Ribeirão Preto
358,35,São Paulo,3,Sudeste,SE,SP,3502,Ribeirão Preto
359,35,São Paulo,3,Sudeste,SE,SP,3502,Ribeirão Preto
360,35,São Paulo,3,Sudeste,SE,SP,3502,Ribeirão Preto
361,35,São Paulo,3,Sudeste,SE,SP,3502,Ribeirão Preto
362,35,São Paulo,3,Sudeste,SE,SP,3502,Ribeirão Preto
363,35,São Paulo,3,Sudeste,SE,SP,3502,Ribeirão Preto
364,35,São Paulo,3,Sudeste,SE,SP,3503,Araçatuba
365,35,São Paulo,3,Sudeste,SE,SP,3503,Araçatuba
366,35,São Paulo,3,Sudeste,SE,SP,3503,Araçatuba
367,35,São Paulo,3,Sudeste,SE,SP,3504,Bauru
368,35,São Paulo,3,Sudeste,SE,SP,3504,Bauru
369,35,São Paulo,3,Sudeste,SE,SP,3504,Bauru
370,35,São Paulo,3,Sudeste,SE,SP,3504,Bauru
371,35,São Paulo,3,Sudeste,SE,SP,3504,Bauru
372,35,São Paulo,3,Sudeste,SE,SP,3505,Araraquara
373,35,São Paulo,3,Sudeste,SE,SP,3505,Araraquara
374,35,São Paulo,3,Sudeste,SE,SP,3506,Piracicaba
375,35,São Paulo,3,Sudeste,SE,SP,3506,Piracicaba
376,35,São Paulo,3,Sudeste,SE,SP,3506,Piracicaba
377,35,São Paulo,3,Sudeste,SE,SP,3507,Campinas
378,35,São Paulo,3,Sudeste,SE,SP,3507,Campinas
379,35,São Paulo,3,Sudeste,SE,SP,3507,Campinas
380,35,São Paulo,3,Sudeste,SE,SP,3507,Campinas
381,35,São Paulo,3,Sudeste,SE,SP,3507,Campinas
382,35,São Paulo,3,Sudeste,SE,SP,3508,Presidente Prudente
383,35,São Paulo,3,Sudeste,SE,SP,3508,Presidente Prudente
384,35,São Paulo,3,Sudeste,SE,SP,3508,Presidente Prudente
385,35,São Paulo,3,Sudeste,SE,SP,3509,Marília
386,35,São Paulo,3,Sudeste,SE,SP,3509,Marília
387,35,São Paulo,3,Sudeste,SE,SP,3510,Assis
388,35,São Paulo,3,Sudeste,SE,SP,3510,Assis
389,35,São Paulo,3,Sudeste,SE,SP,3511,Itapetininga
390,35,São Paulo,3,Sudeste,SE,SP,3511,Itapetininga
391,35,São Paulo,3,Sudeste,SE,SP,3511,Itapetininga
392,35,São Paulo,3,Sudeste,SE,SP,3511,Itapetininga
393,35,São Paulo,3,Sudeste,SE,SP,3512,Macro Metropolitana Paulista
394,35,São Paulo,3,Sudeste,SE,SP,3512,Macro Metropolitana Paulista
395,35,São Paulo,3,Sudeste,SE,SP,3512,Macro Metropolitana Paulista
396,35,São Paulo,3,Sudeste,SE,SP,3512,Macro Metropolitana Paulista
397,35,São Paulo,3,Sudeste,SE,SP,3513,Vale do Paraíba Paulista
398,35,São Paulo,3,Sudeste,SE,SP,3513,Vale do Paraíba Paulista
399,35,São Paulo,3,Sudeste,SE,SP,3513,Vale do Paraíba Paulista
400,35,São Paulo,3,Sudeste,SE,SP,3513,Vale do Paraíba Paulista
401,35,São Paulo,3,Sudeste,SE,SP,3513,Vale do Paraíba Paulista
402,35,São Paulo,3,Sudeste,SE,SP,3513,Vale do Paraíba Paulista
403,35,São Paulo,3,Sudeste,SE,SP,3514,Litoral Sul Paulista
404,35,São Paulo,3,Sudeste,SE,SP,3514,Litoral Sul Paulista
405,35,São Paulo,3,Sudeste,SE,SP,3515,Metropolitana de São Paulo
406,35,São Paulo,3,Sudeste,SE,SP,3515,Metropolitana de São Paulo
407,35,São Paulo,3,Sudeste,SE,SP,3515,Metropolitana de São Paulo
408,35,São Paulo,3,Sudeste,SE,SP,3515,Metropolitana de São Paulo
409,35,São Paulo,3,Sudeste,SE,SP,3515,Metropolitana de São Paulo
410,35,São Paulo,3,Sudeste,SE,SP,3515,Metropolitana de São Paulo
411,35,São Paulo,3,Sudeste,SE,SP,3515,Metropolitana de São Paulo
412,41,Paraná,4,Sul,S,PR,4101,Noroeste Paranaense
413,41,Paraná,4,Sul,S,PR,4101,Noroeste Paranaense
414,41,Paraná,4,Sul,S,PR,4101,Noroeste Paranaense
415,41,Paraná,4,Sul,S,PR,4102,Centro Ocidental Paranaense
416,41,Paraná,4,Sul,S,PR,4102,Centro Ocidental Paranaense
417,41,Paraná,4,Sul,S,PR,4103,Norte Central Paranaense
418,41,Paraná,4,Sul,S,PR,4103,Norte Central Paranaense
419,41,Paraná,4,Sul,S,PR,4103,Norte Central Paranaense
420,41,Paraná,4,Sul,S,PR,4103,Norte Central Paranaense
421,41,Paraná,4,Sul,S,PR,4103,Norte Central Paranaense
422,41,Paraná,4,Sul,S,PR,4103,Norte Central Paranaense
423,41,Paraná,4,Sul,S,PR,4103,Norte Central Paranaense
424,41,Paraná,4,Sul,S,PR,4103,Norte Central Paranaense
425,41,Paraná,4,Sul,S,PR,4104,Norte Pioneiro Paranaense
426,41,Paraná,4,Sul,S,PR,4104,Norte Pioneiro Paranaense
427,41,Paraná,4,Sul,S,PR,4104,Norte Pioneiro Paranaense
428,41,Paraná,4,Sul,S,PR,4104,Norte Pioneiro Paranaense
429,41,Paraná,4,Sul,S,PR,4104,Norte Pioneiro Paranaense
430,41,Paraná,4,Sul,S,PR,4105,Centro Oriental Paranaense
431,41,Paraná,4,Sul,S,PR,4105,Centro Oriental Paranaense
432,41,Paraná,4,Sul,S,PR,4105,Centro Oriental Paranaense
433,41,Paraná,4,Sul,S,PR,4106,Oeste Paranaense
434,41,Paraná,4,Sul,S,PR,4106,Oeste Paranaense
435,41,Paraná,4,Sul,S,PR,4106,Oeste Paranaense
436,41,Paraná,4,Sul,S,PR,4107,Sudoeste Paranaense
437,41,Paraná,4,Sul,S,PR,4107,Sudoeste Paranaense
438,41,Paraná,4,Sul,S,PR,4107,Sudoeste Paranaense
439,41,Paraná,4,Sul,S,PR,4108,Centro-Sul Paranaense
440,41,Paraná,4,Sul,S,PR,4108,Centro-Sul Paranaense
441,41,Paraná,4,Sul,S,PR,4108,Centro-Sul Paranaense
442,41,Paraná,4,Sul,S,PR,4109,Sudeste Paranaense
443,41,Paraná,4,Sul,S,PR,4109,Sudeste Paranaense
444,41,Paraná,4,Sul,S,PR,4109,Sudeste Paranaense
445,41,Paraná,4,Sul,S,PR,4109,Sudeste Paranaense
446,41,Paraná,4,Sul,S,PR,4110,Metropolitana de Curitiba
447,41,Paraná,4,Sul,S,PR,4110,Metropolitana de Curitiba
448,41,Paraná,4,Sul,S,PR,4110,Metropolitana de Curitiba
449,41,Paraná,4,Sul,S,PR,4110,Metropolitana de Curitiba
450,41,Paraná,4,Sul,S,PR,4110,Metropolitana de Curitiba
451,42,Santa Catarina,4,Sul,S,SC,4201,Oeste Catarinense
452,42,Santa Catarina,4,Sul,S,SC,4201,Oeste Catarinense
453,42,Santa Catarina,4,Sul,S,SC,4201,Oeste Catarinense
454,42,Santa Catarina,4,Sul,S,SC,4201,Oeste Catarinense
455,42,Santa Catarina,4,Sul,S,SC,4201,Oeste Catarinense
456,42,Santa Catarina,4,Sul,S,SC,4202,Norte Catarinense
457,42,Santa Catarina,4,Sul,S,SC,4202,Norte Catarinense
458,42,Santa Catarina,4,Sul,S,SC,4202,Norte Catarinense
459,42,Santa Catarina,4,Sul,S,SC,4203,Serrana
460,42,Santa Catarina,4,Sul,S,SC,4203,Serrana
461,42,Santa Catarina,4,Sul,S,SC,4204,Vale do Itajaí
462,42,Santa Catarina,4,Sul,S,SC,4204,Vale do Itajaí
463,42,Santa Catarina,4,Sul,S,SC,4204,Vale do Itajaí
464,42,Santa Catarina,4,Sul,S,SC,4204,Vale do Itajaí
465,42,Santa Catarina,4,Sul,S,SC,4205,Grande Florianópolis
466,42,Santa Catarina,4,Sul,S,SC,4205,Grande Florianópolis
467,42,Santa Catarina,4,Sul,S,SC,4205,Grande Florianópolis
468,42,Santa Catarina,4,Sul,S,SC,4206,Sul Catarinense
469,42,Santa Catarina,4,Sul,S,SC,4206,Sul Catarinense
470,42,Santa Catarina,4,Sul,S,SC,4206,Sul Catarinense
471,43,Rio Grande do Sul,4,Sul,S,RS,4301,Noroeste Rio-grandense
472,43,Rio Grande do Sul,4,Sul,S,RS,4301,Noroeste Rio-grandense
473,43,Rio Grande do Sul,4,Sul,S,RS,4301,Noroeste Rio-grandense
474,43,Rio Grande do Sul,4,Sul,S,RS,4301,Noroeste Rio-grandense
475,43,Rio Grande do Sul,4,Sul,S,RS,4301,Noroeste Rio-grandense
476,43,Rio Grande do Sul,4,Sul,S,RS,4301,Noroeste Rio-grandense
477,43,Rio Grande do Sul,4,Sul,S,RS,4301,Noroeste Rio-grandense
478,43,Rio Grande do Sul,4,Sul,S,RS,4301,Noroeste Rio-grandense
479,43,Rio Grande do Sul,4,Sul,S,RS,4301,Noroeste Rio-grandense
480,43,Rio Grande do Sul,4,Sul,S,RS,4301,Noroeste Rio-grandense
481,43,Rio Grande do Sul,4,Sul,S,RS,4301,Noroeste Rio-grandense
482,43,Rio Grande do Sul,4,Sul,S,RS,4301,Noroeste Rio-grandense
483,43,Rio Grande do Sul,4,Sul,S,RS,4301,Noroeste Rio-grandense
484,43,Rio Grande do Sul,4,Sul,S,RS,4302,Nordeste Rio-grandense
485,43,Rio Grande do Sul,4,Sul,S,RS,4302,Nordeste Rio-grandense
486,43,Rio Grande do Sul,4,Sul,S,RS,4302,Nordeste Rio-grandense
487,43,Rio Grande do Sul,4,Sul,S,RS,4303,Centro Ocidental Rio-grandense
488,43,Rio Grande do Sul,4,Sul,S,RS,4303,Centro Ocidental Rio-grandense
489,43,Rio Grande do Sul,4,Sul,S,RS,4303,Centro Ocidental Rio-grandense
490,43,Rio Grande do Sul,4,Sul,S,RS,4304,Centro Oriental Rio-grandense
491,43,Rio Grande do Sul,4,Sul,S,RS,4304,Centro Oriental Rio-grandense
492,43,Rio Grande do Sul,4,Sul,S,RS,4304,Centro Oriental Rio-grandense
493,43,Rio Grande do Sul,4,Sul,S,RS,4305,Metropolitana de Porto Alegre
494,43,Rio Grande do Sul,4,Sul,S,RS,4305,Metropolitana de Porto Alegre
495,43,Rio Grande do Sul,4,Sul,S,RS,4305,Metropolitana de Porto Alegre
496,43,Rio Grande do Sul,4,Sul,S,RS,4305,Metropolitana de Porto Alegre
497,43,Rio Grande do Sul,4,Sul,S,RS,4305,Metropolitana de Porto Alegre
498,43,Rio Grande do Sul,4,Sul,S,RS,4305,Metropolitana de Porto Alegre
499,43,Rio Grande do Sul,4,Sul,S,RS,4306,Sudoeste Rio-grandense
500,43,Rio Grande do Sul,4,Sul,S,RS,4306,Sudoeste Rio-grandense
501,43,Rio Grande do Sul,4,Sul,S,RS,4306,Sudoeste Rio-grandense
502,43,Rio Grande do Sul,4,Sul,S,RS,4307,Sudeste Rio-grandense
503,43,Rio Grande do Sul,4,Sul,S,RS,4307,Sudeste Rio-grandense
504,43,Rio Grande do Sul,4,Sul,S,RS,4307,Sudeste Rio-grandense
505,43,Rio Grande do Sul,4,Sul,S,RS,4307,Sudeste Rio-grandense
506,50,Mato Grosso do Sul,5,Centro-Oeste,CO,MS,5001,Pantanais Sul Mato-grossense
507,50,Mato Grosso do Sul,5,Centro-Oeste,CO,MS,5001,Pantanais Sul Mato-grossense
508,50,Mato Grosso do Sul,5,Centro-Oeste,CO,MS,5002,Centro Norte de Mato Grosso do Sul
509,50,Mato Grosso do Sul,5,Centro-Oeste,CO,MS,5002,Centro Norte de Mato Grosso do Sul
510,50,Mato Grosso do Sul,5,Centro-Oeste,CO,MS,5003,Leste de Mato Grosso do Sul
511,50,Mato Grosso do Sul,5,Centro-Oeste,CO,MS,5003,Leste de Mato Grosso do Sul
512,50,Mato Grosso do Sul,5,Centro-Oeste,CO,MS,5003,Leste de Mato Grosso do Sul
513,50,Mato Grosso do Sul,5,Centro-Oeste,CO,MS,5003,Leste de Mato Grosso do Sul
514,50,Mato Grosso do Sul,5,Centro-Oeste,CO,MS,5004,Sudoeste de Mato Grosso do Sul
515,50,Mato Grosso do Sul,5,Centro-Oeste,CO,MS,5004,Sudoeste de Mato Grosso do Sul
516,50,Mato Grosso do Sul,5,Centro-Oeste,CO,MS,5004,Sudoeste de Mato Grosso do Sul
517,51,Mato Grosso,5,Centro-Oeste,CO,MT,5101,Norte Mato-grossense
518,51,Mato Grosso,5,Centro-Oeste,CO,MT,5101,Norte Mato-grossense
519,51,Mato Grosso,5,Centro-Oeste,CO,MT,5101,Norte Mato-grossense
520,51,Mato Grosso,5,Centro-Oeste,CO,MT,5101,Norte Mato-grossense
521,51,Mato Grosso,5,Centro-Oeste,CO,MT,5101,Norte Mato-grossense
522,51,Mato Grosso,5,Centro-Oeste,CO,MT,5101,Norte Mato-grossense
523,51,Mato Grosso,5,Centro-Oeste,CO,MT,5101,Norte Mato-grossense
524,51,Mato Grosso,5,Centro-Oeste,CO,MT,5101,Norte Mato-grossense
525,51,Mato Grosso,5,Centro-Oeste,CO,MT,5102,Nordeste Mato-grossense
526,51,Mato Grosso,5,Centro-Oeste,CO,MT,5102,Nordeste Mato-grossense
527,51,Mato Grosso,5,Centro-Oeste,CO,MT,5102,Nordeste Mato-grossense
528,51,Mato Grosso,5,Centro-Oeste,CO,MT,5103,Sudoeste Mato-grossense
529,51,Mato Grosso,5,Centro-Oeste,CO,MT,5103,Sudoeste Mato-grossense
530,51,Mato Grosso,5,Centro-Oeste,CO,MT,5103,Sudoeste Mato-grossense
531,51,Mato Grosso,5,Centro-Oeste,CO,MT,5104,Centro-Sul Mato-grossense
532,51,Mato Grosso,5,Centro-Oeste,CO,MT,5104,Centro-Sul Mato-grossense
533,51,Mato Grosso,5,Centro-Oeste,CO,MT,5104,Centro-Sul Mato-grossense
534,51,Mato Grosso,5,Centro-Oeste,CO,MT,5104,Centro-Sul Mato-grossense
535,51,Mato Grosso,5,Centro-Oeste,CO,MT,5105,Sudeste Mato-grossense
536,51,Mato Grosso,5,Centro-Oeste,CO,MT,5105,Sudeste Mato-grossense
537,51,Mato Grosso,5,Centro-Oeste,CO,MT,5105,Sudeste Mato-grossense
538,51,Mato Grosso,5,Centro-Oeste,CO,MT,5105,Sudeste Mato-grossense
539,52,Goiás,5,Centro-Oeste,CO,GO,5201,Noroeste Goiano
540,52,Goiás,5,Centro-Oeste,CO,GO,5201,Noroeste Goiano
541,52,Goiás,5,Centro-Oeste,CO,GO,5201,Noroeste Goiano
542,52,Goiás,5,Centro-Oeste,CO,GO,5202,Norte Goiano
543,52,Goiás,5,Centro-Oeste,CO,GO,5202,Norte Goiano
544,52,Goiás,5,Centro-Oeste,CO,GO,5203,Centro Goiano
545,52,Goiás,5,Centro-Oeste,CO,GO,5203,Centro Goiano
546,52,Goiás,5,Centro-Oeste,CO,GO,5203,Centro Goiano
547,52,Goiás,5,Centro-Oeste,CO,GO,5203,Centro Goiano
548,52,Goiás,5,Centro-Oeste,CO,GO,5203,Centro Goiano
549,52,Goiás,5,Centro-Oeste,CO,GO,5204,Leste Goiano
550,52,Goiás,5,Centro-Oeste,CO,GO,5204,Leste Goiano
551,52,Goiás,5,Centro-Oeste,CO,GO,5205,Sul Goiano
552,52,Goiás,5,Centro-Oeste,CO,GO,5205,Sul Goiano
553,52,Goiás,5,Centro-Oeste,CO,GO,5205,Sul Goiano
554,52,Goiás,5,Centro-Oeste,CO,GO,5205,Sul Goiano
555,52,Goiás,5,Centro-Oeste,CO,GO,5205,Sul Goiano
556,52,Goiás,5,Centro-Oeste,CO,GO,5205,Sul Goiano
557,53,Distrito Federal,5,Centro-Oeste,CO,DF,5301,Distrito Federal
